filename,y_true,y_pred,conf,v_true,a_true,v_pred,a_pred
3623.jpg,7,7,0.6859056353569031,-0.6354309916496277,0.6354309916496277,-0.24462395906448364,0.24861881136894226
845.jpg,5,2,0.24694199860095978,-0.8730159997940063,0.4444440007209778,-0.3915303349494934,0.2538702189922333
1731.jpg,3,3,0.6450915932655334,0.31380799412727356,0.6774259805679321,-0.042850371450185776,0.5119110941886902
4970.jpg,2,1,0.5115602016448975,-0.4603169858455658,-0.20634900033473969,0.142823725938797,0.2784119248390198
5236.jpg,2,2,0.7357717752456665,-0.6795529723167419,-0.39263099431991577,-0.4145297408103943,0.02335122600197792
2579.jpg,3,3,0.6598234176635742,0.3262470066547394,0.8253390192985535,-0.06457725167274475,0.5932839512825012
706.jpg,4,6,0.4222008287906647,-0.15275999903678894,0.7901390194892883,-0.34976398944854736,0.5380927920341492
450.jpg,1,1,0.792701244354248,0.5372949838638306,0.16329500079154968,0.2403748333454132,0.1614183783531189
635.jpg,3,0,0.4565727412700653,0.08195310086011887,0.37525901198387146,-0.23997515439987183,0.1529095470905304
3636.jpg,0,1,0.18581688404083252,-0.34766098856925964,0.09481669962406158,-0.26139500737190247,0.3490825891494751
2110.jpg,4,4,0.6872066855430603,-0.0873015969991684,0.7460319995880127,-0.06465493887662888,0.6788989305496216
1670.jpg,5,0,0.29055753350257874,-0.7539680004119873,0.34920600056648254,-0.3716428577899933,0.1720779836177826
2887.jpg,3,4,0.6256824731826782,0.21428599953651428,0.9206349849700928,-0.2379889190196991,0.6224320530891418
3665.jpg,1,0,0.7338184714317322,0.2869899868965149,0.3436790108680725,-0.17147013545036316,0.24017199873924255
4254.jpg,0,0,0.7302873134613037,0.0,-0.1001340001821518,-0.16620439291000366,0.18830418586730957
486.jpg,7,1,0.49854400753974915,-0.6484709978103638,0.6484709978103638,0.02905132621526718,0.3014545142650604
1679.jpg,2,0,0.5148800015449524,-0.658149003982544,-0.18389500677585602,-0.30028408765792847,0.16886422038078308
3019.jpg,3,4,0.35677000880241394,0.3586370050907135,0.5329750180244446,-0.1296996772289276,0.47554612159729004
3779.jpg,2,3,0.229350745677948,-0.283035010099411,-0.244145005941391,-0.1722821295261383,0.3592798709869385
1299.jpg,0,0,0.570552408695221,-0.007936510257422924,0.007936510257422924,-0.22534266114234924,0.14839336276054382
3344.jpg,5,5,0.9097902178764343,-0.7452570199966431,0.43070098757743835,-0.5077587962150574,0.37252652645111084
980.jpg,6,6,0.6198031902313232,-0.7007229924201965,0.29008400440216064,-0.4271702170372009,0.47918906807899475
3064.jpg,6,6,0.2985686659812927,-0.2372329980134964,0.5434780120849609,-0.42248520255088806,0.3987680673599243
5047.jpg,6,6,0.5088968873023987,-0.40476199984550476,0.7777780294418335,-0.35561704635620117,0.4174937605857849
4098.jpg,2,2,0.27675533294677734,-0.15079399943351746,-0.38095200061798096,-0.3061724901199341,0.320037305355072
5279.jpg,3,1,0.6791254878044128,-0.17460300028324127,0.8650789856910706,0.09693574160337448,0.30838245153427124
526.jpg,3,4,0.3320830166339874,0.060386501252651215,0.37525901198387146,-0.3077009320259094,0.41585928201675415
826.jpg,7,0,0.657130777835846,-0.6584489941596985,0.6742519736289978,-0.05321546271443367,0.199977844953537
5351.jpg,6,7,0.2699422538280487,-0.436379998922348,0.7081609964370728,-0.18411462008953094,0.35897940397262573
3710.jpg,7,1,0.49038922786712646,-0.6387919783592224,0.658149003982544,0.01784595102071762,0.11862313747406006
4752.jpg,2,2,0.7072977423667908,-0.3623189926147461,-0.12939999997615814,-0.4484960436820984,0.0021712109446525574
2260.jpg,6,6,0.4059430956840515,-0.5613629817962646,0.7452570199966431,-0.25008317828178406,0.2923322021961212
2756.jpg,1,7,0.633934497833252,0.5,0.02380950003862381,-0.08854866027832031,0.452860951423645
5394.jpg,4,5,0.2236444652080536,-0.14285700023174286,0.7619050145149231,-0.3587818145751953,0.3355908989906311
794.jpg,1,1,0.3806157410144806,0.40166500210762024,0.033875301480293274,-0.07787449657917023,0.30010274052619934
5004.jpg,5,5,0.5333335995674133,-0.7532659769058228,0.5056890249252319,-0.49747422337532043,0.2310311198234558
4466.jpg,2,0,0.5564183592796326,-0.34126999974250793,-0.13492099940776825,-0.26730653643608093,0.21044930815696716
776.jpg,5,5,0.446668803691864,-0.7258999943733215,0.4839330017566681,-0.1693880259990692,0.20329171419143677
1186.jpg,1,1,0.794829249382019,0.479093998670578,0.07742930203676224,0.17778581380844116,0.3051072955131531
3172.jpg,1,1,0.40788620710372925,0.8492059707641602,0.10317499935626984,-0.13848543167114258,0.22764647006988525
4770.jpg,3,3,0.8226643204689026,0.40346699953079224,0.6076909899711609,0.03946252912282944,0.6148279309272766
4508.jpg,0,6,0.32016029953956604,0.007936510257422924,0.007936510257422924,-0.32953429222106934,0.19734135270118713
561.jpg,0,0,0.5600634813308716,0.13168999552726746,-0.4477449953556061,-0.2157057225704193,0.20644396543502808
1860.jpg,6,6,0.8097029328346252,-0.30971699953079224,0.6436309814453125,-0.44433528184890747,0.3321310877799988
2587.jpg,7,6,0.5852881669998169,-0.3331269919872284,0.5629580020904541,-0.282716304063797,0.32933908700942993
4140.jpg,4,3,0.6894782185554504,-0.0873015969991684,0.8492059707641602,-0.1913226991891861,0.4657112956047058
971.jpg,7,0,0.51081383228302,-0.6484709978103638,0.6484709978103638,-0.10453085601329803,0.280319482088089
3931.jpg,0,0,0.2819419503211975,-0.019445199519395828,-0.019445199519395828,-0.19124138355255127,0.36057454347610474
2858.jpg,1,7,0.5273905992507935,0.6479139924049377,-0.1053519994020462,-0.28468021750450134,0.39388296008110046
2665.jpg,0,0,0.3888079524040222,0.0,-0.015873000025749207,-0.2667675316333771,0.28600096702575684
583.jpg,0,0,0.3516068458557129,-0.30971699953079224,-0.11130499839782715,-0.24864351749420166,0.11678262054920197
2345.jpg,0,0,0.28854334354400635,-0.39443498849868774,0.16494500637054443,-0.2452239990234375,0.2507016062736511
2115.jpg,1,1,0.6594461798667908,0.49361199140548706,0.06775069981813431,0.1878284215927124,0.38733309507369995
825.jpg,5,6,0.3984520733356476,-0.4747070074081421,0.18543200194835663,-0.47510892152786255,0.4799776077270508
3930.jpg,6,0,0.7646679878234863,-0.244145005941391,0.4774869978427887,-0.1924510896205902,0.18830952048301697
5182.jpg,6,6,0.6752053499221802,-0.436379998922348,0.7081609964370728,-0.393210232257843,0.46457216143608093
999.jpg,3,0,0.5370142459869385,0.1768459975719452,0.5995510220527649,-0.15752464532852173,0.1987524777650833
4585.jpg,3,0,0.32204997539520264,0.1548590064048767,0.49845099449157715,-0.16367945075035095,0.2589734196662903
965.jpg,3,3,0.603177011013031,0.13492099940776825,0.7301589846611023,-0.2867391109466553,0.43565288186073303
3291.jpg,3,4,0.3992774784564972,0.368598997592926,0.6176530122756958,-0.06817229092121124,0.4451752007007599
130.jpg,2,2,0.6733618974685669,-0.2380950003862381,-0.34126999974250793,-0.493615984916687,0.05789798125624657
4174.jpg,2,2,0.5223034620285034,-0.8667060136795044,-0.2241480052471161,-0.4622300863265991,0.23926115036010742
4091.jpg,2,6,0.3136398494243622,-0.6321110129356384,-0.2317740023136139,-0.09140326082706451,0.22813159227371216
443.jpg,0,3,0.46460115909576416,0.0431331992149353,0.16390599310398102,-0.09970046579837799,0.35697072744369507
1046.jpg,7,7,0.6831858158111572,-0.6242740154266357,0.6629890203475952,-0.579928457736969,0.41719508171081543
827.jpg,1,1,0.6867689490318298,0.7113819718360901,0.024196699261665344,0.25488847494125366,0.34274962544441223
5153.jpg,4,4,0.7246398329734802,-0.07562009990215302,0.8642299771308899,-0.06735741347074509,0.6741769909858704
2598.jpg,1,7,0.8205353021621704,0.701138973236084,-0.45281898975372314,-0.2357865273952484,0.38425254821777344
1957.jpg,5,2,0.5152855515480042,-0.9146339893341064,0.285521000623703,-0.4328896701335907,0.238325834274292
1764.jpg,2,3,0.3802882432937622,-0.587302029132843,-0.015873000025749207,-0.19464194774627686,0.4000908434391022
5320.jpg,4,0,0.3798683285713196,-0.06291130185127258,0.682345986366272,-0.0466778539121151,0.34186795353889465
5318.jpg,4,4,0.775272786617279,-0.033875301480293274,0.6775069832801819,-0.20268657803535461,0.567001461982727
1161.jpg,0,7,0.49915289878845215,-0.039682500064373016,-0.06349209696054459,-0.2559252083301544,0.2528854012489319
1317.jpg,5,7,0.46683600544929504,-0.764614999294281,0.3823069930076599,-0.43145132064819336,0.45844051241874695
2512.jpg,4,5,0.2672812342643738,-0.11904799938201904,0.7857139706611633,-0.47902172803878784,0.4701964855194092
3983.jpg,7,0,0.6311333179473877,-0.4258610010147095,0.488772988319397,-0.2816675901412964,0.23378267884254456
2214.jpg,6,6,0.5023610591888428,-0.8855980038642883,0.193572998046875,-0.4206249713897705,0.3599450886249542
4896.jpg,6,6,0.47250744700431824,-0.484127014875412,0.12698400020599365,-0.35026440024375916,0.35861098766326904
4434.jpg,0,0,0.4687955975532532,-0.07142859697341919,-0.039682500064373016,-0.311865895986557,0.3085264563560486
1460.jpg,0,3,0.34085261821746826,0.00862663984298706,0.02587990090250969,-0.10199122130870819,0.5844773054122925
5329.jpg,7,1,0.3815464377403259,-0.6387919783592224,0.6436309814453125,-0.06299510598182678,0.23358014225959778
2907.jpg,3,4,0.27659130096435547,0.33391401171684265,0.8226869702339172,-0.16924890875816345,0.4730347990989685
3260.jpg,6,3,0.3312127888202667,-0.7111250162124634,0.4424780011177063,-0.11135134100914001,0.3804182708263397
1702.jpg,5,2,0.5151787996292114,-0.7479979991912842,0.48988598585128784,-0.5448572039604187,0.22612014412879944
4143.jpg,4,4,0.6044278740882874,-0.1258230060338974,0.7694540023803711,-0.024174146354198456,0.5804115533828735
5150.jpg,1,1,0.8375505208969116,0.7273010015487671,0.11100900173187256,0.32293322682380676,0.21112343668937683
5122.jpg,3,5,0.4757406711578369,-0.06291130185127258,0.49361199140548706,-0.44396448135375977,0.3769667148590088
1337.jpg,7,0,0.8349124789237976,-0.3484320044517517,0.39198601245880127,-0.0824718102812767,0.17309218645095825
969.jpg,7,0,0.3671673536300659,-0.4210219979286194,0.46457600593566895,-0.36837685108184814,0.14633776247501373
2846.jpg,5,6,0.5318752527236938,-0.7597749829292297,0.4065040051937103,-0.4649745523929596,0.4588782787322998
50.jpg,2,2,0.44199979305267334,-0.7387840151786804,-0.20287899672985077,-0.39899468421936035,0.11213785409927368
16.jpg,1,1,0.8080111145973206,0.5372949838638306,0.11588700115680695,0.3234693706035614,0.20986226201057434
818.jpg,5,5,0.4469868242740631,-0.7116979956626892,0.40545201301574707,-0.47245827317237854,0.47660794854164124
1609.jpg,2,2,0.5962955951690674,-0.7919899821281433,-0.21916699409484863,-0.5239017605781555,0.19820725917816162
3160.jpg,5,6,0.6397513747215271,-0.7742930054664612,0.43553999066352844,-0.43259197473526,0.4833577573299408
1602.jpg,7,7,0.38089367747306824,-0.6533100008964539,0.658149003982544,-0.02953062579035759,0.36044949293136597
3835.jpg,5,2,0.2787758708000183,-0.17905500531196594,0.4258610010147095,-0.4347495138645172,0.3697657585144043
2813.jpg,1,1,0.8049569725990295,0.9194729924201965,0.10162600129842758,0.261218398809433,0.20274898409843445
5436.jpg,3,4,0.2758028507232666,0.0,0.7619050145149231,-0.025790877640247345,0.44057726860046387
1293.jpg,2,2,0.35513949394226074,-0.9523810148239136,-0.11111100018024445,-0.4020151197910309,0.28448283672332764
2952.jpg,5,4,0.28163641691207886,-0.7532659769058228,0.4793510138988495,-0.22730562090873718,0.32311391830444336
1441.jpg,3,5,0.43705955147743225,0.2539680004119873,0.857142984867096,-0.2757520377635956,0.47619348764419556
3473.jpg,0,6,0.3164323568344116,0.007936510257422924,0.015873000025749207,-0.18081006407737732,0.29722538590431213
1927.jpg,6,4,0.2793530821800232,-0.6179239749908447,0.7065079808235168,-0.2579657733440399,0.36794012784957886
1024.jpg,3,5,0.5163629651069641,0.23712700605392456,0.5952379703521729,-0.2527346611022949,0.4660758376121521
5334.jpg,2,2,0.7616080045700073,-0.6825399994850159,-0.34126999974250793,-0.46624642610549927,0.07398532330989838
4730.jpg,7,7,0.8410438299179077,-0.5903990268707275,0.7065430283546448,-0.2669002413749695,0.4318799674510956
568.jpg,5,5,0.8636667132377625,-0.6076909899711609,0.4682210087776184,-0.5180384516716003,0.5020216107368469
3612.jpg,7,0,0.3259340524673462,-0.6387919783592224,0.6484709978103638,-0.2946707308292389,0.30961212515830994
3378.jpg,5,5,0.37472155690193176,-0.6226339936256409,0.4831640124320984,-0.4798656702041626,0.21574851870536804
4202.jpg,3,5,0.38975366950035095,0.17253300547599792,0.6038650274276733,-0.14027702808380127,0.5200110673904419
5203.jpg,7,7,0.8395896553993225,-0.6479139924049377,0.6479139924049377,-0.27732789516448975,0.3944687843322754
2129.jpg,5,5,0.7368735074996948,-0.7222219705581665,0.4523810148239136,-0.2801963984966278,0.30743756890296936
4344.jpg,4,4,0.8382073044776917,-0.2226089984178543,0.7936509847640991,-0.08801274746656418,0.7268049716949463
3500.jpg,1,1,0.6690354347229004,0.3581109941005707,0.0,0.19020617008209229,0.3580617308616638
5054.jpg,7,6,0.6652621030807495,-0.39198601245880127,0.5032910108566284,-0.38578057289123535,0.33607587218284607
4717.jpg,2,2,0.5677891373634338,-0.6513109803199768,-0.24585899710655212,-0.4969556927680969,0.2938060760498047
2190.jpg,5,5,0.799485981464386,-0.764614999294281,0.44037899374961853,-0.4342650771141052,0.44122937321662903
752.jpg,5,5,0.4702545702457428,-0.7600929737091064,0.4731700122356415,-0.3356797993183136,0.3192806839942932
4050.jpg,4,4,0.8161747455596924,-0.16437500715255737,0.8766689896583557,-0.2388862669467926,0.5433923006057739
4813.jpg,6,6,0.4178355634212494,-0.3321259915828705,0.6815040111541748,-0.38477209210395813,0.3613031506538391
1917.jpg,6,7,0.2931625247001648,-0.7796040177345276,0.48461899161338806,-0.29921939969062805,0.3407245874404907
179.jpg,2,2,0.30479738116264343,-0.8916119933128357,-0.16935600340366364,-0.2955431342124939,0.21980643272399902
1610.jpg,1,3,0.4805387258529663,0.8555870056152344,0.23550300300121307,0.15278169512748718,0.34872040152549744
2265.jpg,2,6,0.6158246994018555,-0.4011389911174774,-0.12077300250530243,-0.400518000125885,0.35890981554985046
4598.jpg,7,7,0.38635724782943726,-0.5855590105056763,0.6242740154266357,-0.3481956124305725,0.39173173904418945
378.jpg,3,1,0.5121015310287476,0.49361199140548706,0.8372049927711487,0.2693544924259186,0.4474634826183319
1476.jpg,6,5,0.4318293035030365,-0.7058579921722412,0.43720999360084534,-0.44892576336860657,0.21796321868896484
4924.jpg,4,0,0.33383700251579285,-0.04839330166578293,0.6242740154266357,-0.1403055191040039,0.2977023124694824
2482.jpg,0,0,0.7445497512817383,-0.05555560067296028,-0.02380950003862381,-0.15486383438110352,0.2151835858821869
1256.jpg,4,4,0.543194591999054,-0.07142859697341919,0.6825399994850159,-0.20100924372673035,0.4792523682117462
4524.jpg,2,2,0.7248509526252747,-0.8095239996910095,-0.2777779996395111,-0.4390552043914795,-0.01658550649881363
4817.jpg,7,7,0.6048767566680908,-0.6168050169944763,0.6728780269622803,-0.15640589594841003,0.40971237421035767
4806.jpg,6,6,0.5780537724494934,-0.523809015750885,0.11904799938201904,-0.29951342940330505,0.36317816376686096
2474.jpg,2,2,0.610070526599884,-0.8418009877204895,-0.15939399600028992,-0.3833996653556824,0.10451209545135498
3294.jpg,1,1,0.9304920434951782,0.7301589846611023,0.34920600056648254,0.39848339557647705,0.21498790383338928
1007.jpg,2,0,0.42172643542289734,-0.7969710230827332,-0.22912900149822235,-0.2739507257938385,0.22328272461891174
2621.jpg,7,1,0.2910981774330139,-0.5396829843521118,0.6746029853820801,-0.07076452672481537,0.39779165387153625
3541.jpg,5,2,0.34143275022506714,-0.4756869971752167,0.24161900579929352,-0.371723473072052,0.2721589505672455
1705.jpg,5,6,0.7203660011291504,-0.7222219705581665,0.4285709857940674,-0.33571094274520874,0.4765227437019348
2951.jpg,2,0,0.5201989412307739,-0.7142860293388367,-0.33333298563957214,-0.18164724111557007,0.1979271024465561
5067.jpg,6,0,0.3395785093307495,-0.5476189851760864,0.2698409855365753,-0.04353843629360199,0.26595941185951233
2166.jpg,4,5,0.7283468246459961,-0.26678699254989624,0.7198230028152466,-0.570245087146759,0.4563632905483246
9.jpg,0,2,0.39508405327796936,-0.14749300479888916,-0.37926700711250305,-0.3324655294418335,0.049211081117391586
2470.jpg,7,7,0.8368626832962036,-0.6479139924049377,0.6531820297241211,-0.4105468988418579,0.4196941554546356
2486.jpg,2,0,0.760865330696106,-0.38888901472091675,-0.2222220003604889,-0.2536182105541229,0.07704044133424759
2442.jpg,6,6,0.5300741791725159,-0.5325809717178345,0.7832080125808716,-0.421171098947525,0.5487070679664612
1203.jpg,7,7,0.6032189130783081,-0.6533100008964539,0.6629890203475952,-0.084215447306633,0.3174472451210022
1524.jpg,2,0,0.7410790920257568,-0.5014550089836121,-0.04593480005860329,-0.08995561301708221,0.17729471623897552
3338.jpg,0,0,0.4870961904525757,0.007936510257422924,0.039682500064373016,-0.2837165594100952,0.2096203863620758
3005.jpg,5,5,0.7420746684074402,-0.7505180239677429,0.431331992149353,-0.3811919093132019,0.32090699672698975
606.jpg,4,4,0.8760122060775757,-0.06775069981813431,0.9485099911689758,-0.3670341670513153,0.5700095891952515
3804.jpg,4,4,0.6893429160118103,-0.11214599758386612,0.8669769763946533,-0.08085766434669495,0.6076311469078064
4364.jpg,3,3,0.46764564514160156,-0.4452190101146698,0.6484709978103638,0.10168357938528061,0.4394886791706085
5255.jpg,5,0,0.5175240635871887,-0.3242349922657013,0.49361199140548706,-0.20494547486305237,0.2503584325313568
758.jpg,5,5,0.5797944068908691,-0.7374629974365234,0.4635480046272278,-0.3707635998725891,0.38968345522880554
2418.jpg,3,4,0.4226401746273041,0.2460319995880127,0.8253970146179199,-0.11928298324346542,0.5295778512954712
5454.jpg,1,1,0.8490339517593384,0.880952000617981,0.16666699945926666,0.3471483290195465,0.23722422122955322
265.jpg,4,4,0.8539185523986816,-0.11904799938201904,0.7936509847640991,-0.10780704766511917,0.5417895913124084
1793.jpg,2,0,0.42562615871429443,-0.6194350123405457,-0.24680599570274353,-0.059826046228408813,0.3097648024559021
1786.jpg,0,7,0.6319859623908997,0.015873000025749207,0.0,-0.37348756194114685,0.3403182923793793
4702.jpg,2,7,0.6719270944595337,-0.8115140199661255,-0.23350200057029724,-0.3225809633731842,0.3259633779525757
1989.jpg,1,1,0.4791242480278015,0.8454110026359558,0.27173900604248047,-0.013793539255857468,0.39331912994384766
3571.jpg,0,1,0.5989904999732971,0.03445110097527504,0.04593480005860329,-0.03107641637325287,0.15312841534614563
439.jpg,7,7,0.6738144159317017,-0.5476189851760864,0.6825399994850159,-0.15247195959091187,0.5857318043708801
3858.jpg,6,0,0.3372947871685028,-0.2460319995880127,0.5634920001029968,-0.2187117040157318,0.37856313586235046
2060.jpg,0,2,0.48354560136795044,-0.02380950003862381,0.06349209696054459,-0.2771282494068146,0.24207234382629395
2119.jpg,3,4,0.482426255941391,0.19047600030899048,0.7063490152359009,-0.011493731290102005,0.6945286989212036
3469.jpg,2,0,0.45435047149658203,-0.7518799901008606,-0.45426100492477417,-0.3318796455860138,0.17682956159114838
5192.jpg,0,7,0.7966166734695435,0.39506998658180237,-0.1580280065536499,-0.31535604596138,0.5245553255081177
2472.jpg,3,0,0.2274915724992752,0.10783299803733826,0.44858500361442566,-0.27944424748420715,0.3058359622955322
4728.jpg,5,2,0.45277848839759827,-0.6928489804267883,0.48614299297332764,-0.5388993620872498,0.23823779821395874
881.jpg,1,6,0.3512760400772095,0.8238440155982971,0.2889919877052307,-0.1703079342842102,0.45349180698394775
5368.jpg,3,2,0.2829223573207855,0.2070389986038208,0.6815040111541748,-0.18519774079322815,0.25201573967933655
3355.jpg,5,5,0.49575501680374146,-0.7597749829292297,0.36778900027275085,-0.4846961200237274,0.5109663605690002
223.jpg,2,7,0.4394383728504181,-0.07142859697341919,-0.642857015132904,-0.1570417284965515,0.2566738724708557
4160.jpg,3,0,0.4124668836593628,-0.043554000556468964,0.6629890203475952,-0.03682059422135353,0.36392712593078613
3200.jpg,2,2,0.46638891100883484,-0.9436699748039246,-0.06775069981813431,-0.31918948888778687,0.16336485743522644
3491.jpg,1,1,0.7857749462127686,0.8968250155448914,0.2936510145664215,0.3278028666973114,0.26253944635391235
1212.jpg,5,5,0.6572069525718689,-0.35244399309158325,0.3289470076560974,-0.4790347218513489,0.37869977951049805
2728.jpg,5,5,0.6539051532745361,-0.6349210143089294,0.4761900007724762,-0.3985612988471985,0.30770015716552734
3704.jpg,0,7,0.4978470802307129,-0.43194299936294556,0.14749300479888916,-0.3576180934906006,0.36800336837768555
3485.jpg,1,1,0.6280200481414795,0.8057810068130493,0.5510500073432922,0.08235932141542435,0.28515779972076416
5093.jpg,7,7,0.6772054433822632,-0.4574759900569916,0.5042629837989807,-0.059712495654821396,0.2897009551525116
817.jpg,1,1,0.620823860168457,0.5056890249252319,0.11061900109052658,0.0076484158635139465,0.16742956638336182
4735.jpg,4,2,0.6462055444717407,-0.09678670018911362,0.7839720249176025,-0.3291178345680237,0.1299891173839569
4059.jpg,0,0,0.4960397779941559,0.02380950003862381,0.0,-0.23110583424568176,0.34585249423980713
1131.jpg,7,1,0.8354889154434204,-0.45973700284957886,0.488772988319397,0.33175164461135864,0.2411833107471466
2777.jpg,6,6,0.27219128608703613,-0.36507898569107056,0.6666669845581055,-0.24948731064796448,0.2706086337566376
145.jpg,5,6,0.8493761420249939,-0.7694540023803711,0.5226479768753052,-0.4147303104400635,0.4518081843852997
576.jpg,6,3,0.4212760031223297,-0.35714301466941833,0.2936510145664215,-0.22599560022354126,0.43594634532928467
3652.jpg,1,1,0.5502496957778931,0.5912960171699524,0.007883950136601925,0.029817484319210052,0.22915112972259521
4634.jpg,3,3,0.3283098340034485,0.060386501252651215,0.2803660035133362,-0.11500418186187744,0.309577614068985
4158.jpg,5,5,0.3191182017326355,-0.36778900027275085,0.23712700605392456,-0.1990049183368683,0.367021769285202
2390.jpg,2,5,0.40972834825515747,-0.857142984867096,-0.38095200061798096,-0.32351458072662354,0.2402832806110382
4469.jpg,4,5,0.3841648995876312,-0.07550589740276337,0.9387900233268738,-0.45544663071632385,0.3917570114135742
5155.jpg,7,7,0.47888508439064026,-0.6678280234336853,0.658149003982544,-0.28983157873153687,0.43593060970306396
796.jpg,3,2,0.756067156791687,-0.16666699945926666,0.9047620296478271,-0.43302735686302185,0.04500618204474449
722.jpg,4,3,0.672552227973938,-0.11061900109052658,0.784870982170105,-0.006679154932498932,0.5627471804618835
3614.jpg,7,7,0.7464901208877563,-0.43553999066352844,0.46941500902175903,-0.227286696434021,0.38133949041366577
1991.jpg,4,4,0.48593199253082275,-0.10718099772930145,0.7311279773712158,-0.33291786909103394,0.3736933767795563
626.jpg,5,5,0.40586477518081665,-0.7585330009460449,0.458281010389328,-0.39642223715782166,0.45223671197891235
5359.jpg,7,1,0.4928009808063507,-0.6049169898033142,0.6871849894523621,-0.008067212998867035,0.2397150993347168
4223.jpg,2,2,0.5354928970336914,-0.4450779855251312,-0.18796999752521515,-0.34406596422195435,0.15028706192970276
2358.jpg,6,3,0.4248884320259094,-0.4248969852924347,0.6277750134468079,-0.22674253582954407,0.26807183027267456
4912.jpg,7,0,0.5279406309127808,0.19841299951076508,0.38888901472091675,-0.1844225525856018,0.2477996051311493
3489.jpg,5,6,0.4733651578426361,-0.7387840151786804,0.44786399602890015,-0.4917040169239044,0.34439679980278015
4276.jpg,0,2,0.3827956020832062,-0.38453400135040283,0.20543600618839264,-0.3182307183742523,0.129191055893898
4317.jpg,0,3,0.46185559034347534,-0.015873000025749207,-0.05555560067296028,-0.144896000623703,0.3398343324661255
3228.jpg,7,1,0.42856284976005554,-0.6426460146903992,0.6742519736289978,-0.12539465725421906,0.24498531222343445
1904.jpg,0,2,0.33444300293922424,0.12115500122308731,-0.39506998658180237,-0.31961357593536377,0.22520840167999268
1884.jpg,1,1,0.5692591071128845,0.8033289909362793,0.11614400148391724,0.0497344508767128,0.28495657444000244
537.jpg,1,1,0.6894166469573975,0.5056890249252319,0.11061900109052658,0.16600912809371948,0.24330979585647583
772.jpg,0,6,0.43315714597702026,-0.01531159970909357,0.007655790075659752,-0.2170911729335785,0.38424286246299744
5193.jpg,7,1,0.7956511974334717,-0.5605379939079285,0.6512920260429382,0.2333076000213623,0.24058085680007935
1194.jpg,5,3,0.7473493814468384,-0.764614999294281,0.4258610010147095,-0.1301264464855194,0.5541675090789795
3765.jpg,6,5,0.34925317764282227,-0.5,0.2619050145149231,-0.555525541305542,0.4987545907497406
2448.jpg,3,3,0.4237728416919708,0.12939999997615814,0.6297450065612793,-0.31183844804763794,0.3755406141281128
1709.jpg,3,0,0.21930959820747375,0.007936510257422924,0.4603169858455658,-0.29121214151382446,0.4510175287723541
3254.jpg,1,1,0.4401865005493164,0.5,-0.16666699945926666,-0.03737878426909447,0.15378087759017944
4348.jpg,7,0,0.622459888458252,-0.6507940292358398,0.6904760003089905,-0.25242164731025696,0.10525291413068771
4407.jpg,2,2,0.7073012590408325,-0.6587299704551697,-0.2936510145664215,-0.40910235047340393,0.008952967822551727
2526.jpg,4,6,0.3657247722148895,-0.14518000185489655,0.682345986366272,-0.2628430426120758,0.21928539872169495
3668.jpg,0,3,0.5971620082855225,0.0,0.0,-0.0841810330748558,0.5007420182228088
1350.jpg,2,6,0.5823702812194824,-0.6666669845581055,-0.36507898569107056,-0.3561537265777588,0.3427271544933319
5167.jpg,2,2,0.46726828813552856,-0.8517230153083801,-0.24196699261665344,-0.4989030063152313,0.2338969111442566
2123.jpg,5,1,0.3569357097148895,-0.4523810148239136,0.3253970146179199,-0.1166548877954483,0.2353556752204895
4193.jpg,2,6,0.5637786984443665,-0.5641819834709167,-0.3933750092983246,-0.21163785457611084,0.2426007091999054
950.jpg,5,2,0.5858697891235352,-0.4102489948272705,0.21645000576972961,-0.3198156952857971,0.15996631979942322
3935.jpg,2,2,0.45488297939300537,-0.6813910007476807,-0.015664199367165565,-0.25916701555252075,0.22034883499145508
405.jpg,7,5,0.5299540162086487,-0.7479979991912842,0.48461899161338806,-0.4824674725532532,0.45655369758605957
5249.jpg,3,3,0.6125933527946472,0.3735800087451935,0.5678420066833496,-0.16553176939487457,0.47779718041419983
5191.jpg,6,6,0.25831666588783264,-0.5476189851760864,0.37301599979400635,-0.46284908056259155,0.38573819398880005
1783.jpg,6,3,0.7876748442649841,-0.46323999762535095,0.7571229934692383,-0.06426523625850677,0.602688193321228
202.jpg,7,2,0.2667626440525055,-0.6000769734382629,0.658149003982544,-0.29418066143989563,0.3091154396533966
5271.jpg,0,2,0.27436259388923645,0.03174600005149841,0.007936510257422924,-0.22954457998275757,0.19649909436702728
2125.jpg,4,6,0.47294485569000244,-0.10646499693393707,0.6726670265197754,-0.43389391899108887,0.2605227530002594
1926.jpg,5,5,0.3001782298088074,-0.6269840002059937,0.4920629858970642,-0.2768535912036896,0.24074631929397583
2266.jpg,7,5,0.2891778349876404,-0.5637770295143127,0.6015300154685974,-0.4672035574913025,0.3008038401603699
679.jpg,4,4,0.7889919281005859,-0.17460300028324127,0.7777780294418335,-0.2845713794231415,0.5761492252349854
1567.jpg,6,7,0.30751246213912964,-0.6533100008964539,0.43070098757743835,-0.2603437304496765,0.44917821884155273
377.jpg,1,3,0.4933779835700989,0.857142984867096,0.20634900033473969,-0.022779088467359543,0.5302264094352722
2845.jpg,0,5,0.2711428999900818,0.015873000025749207,0.015873000025749207,-0.22158560156822205,0.5545052289962769
4586.jpg,0,0,0.8453238010406494,-0.1494320034980774,-0.08965930342674255,-0.19576069712638855,0.19136101007461548
3411.jpg,2,6,0.6717937588691711,-0.5158730149269104,-0.4682539999485016,-0.2607090175151825,0.3994520306587219
2556.jpg,3,3,0.3983297049999237,0.33391401171684265,0.764614999294281,-0.10050829499959946,0.42420464754104614
2754.jpg,1,1,0.549918532371521,0.4108720123767853,0.1053519994020462,0.03963866084814072,0.3033033609390259
4838.jpg,7,7,0.8407412171363831,-0.6484709978103638,0.658149003982544,-0.21332290768623352,0.45473551750183105
4879.jpg,5,2,0.2448187917470932,-0.7355790138244629,0.4742549955844879,-0.2760786712169647,0.3178171217441559
666.jpg,5,5,0.39498665928840637,-0.5977290272712708,0.47818300127983093,-0.22312960028648376,0.2749325633049011
4723.jpg,0,3,0.41691070795059204,0.00862663984298706,0.0862663984298706,-0.2646454870700836,0.46825098991394043
3576.jpg,5,2,0.39983153343200684,-0.6904760003089905,0.4603169858455658,-0.3680737316608429,0.2409178614616394
2487.jpg,1,7,0.8043481707572937,0.7592189908027649,-0.16268999874591827,-0.22871598601341248,0.40141621232032776
1398.jpg,3,3,0.5868619680404663,0.5662019848823547,0.6920250058174133,-0.05378790944814682,0.7248609066009521
2033.jpg,7,0,0.350270539522171,-0.3124679923057556,0.35120299458503723,-0.24430853128433228,0.14670982956886292
2723.jpg,3,0,0.42438235878944397,0.03767329826951027,0.9606689810752869,-0.042647019028663635,0.26248490810394287
594.jpg,3,3,0.5709859132766724,0.23155100643634796,0.5537099838256836,-0.13859088718891144,0.3445010185241699
4777.jpg,2,2,0.41466113924980164,-0.642857015132904,-0.3095239996910095,-0.3277195692062378,0.04258467257022858
4432.jpg,6,0,0.545543909072876,-0.41269800066947937,0.6587299704551697,-0.3000160753726959,0.07812269777059555
3496.jpg,6,0,0.3571459949016571,-0.40476199984550476,0.6904760003089905,-0.07109543681144714,0.40539947152137756
4082.jpg,0,2,0.5308109521865845,0.0,0.030193200334906578,-0.35294342041015625,0.1607953906059265
4430.jpg,0,0,0.5678154826164246,0.0,0.011483700014650822,-0.20034798979759216,0.3461744487285614
4131.jpg,3,4,0.8414425849914551,0.4620929956436157,0.8693609833717346,-0.0597984716296196,0.6990798115730286
1555.jpg,5,6,0.3934181034564972,-0.6049609780311584,0.15556100010871887,-0.49696049094200134,0.32934293150901794
2149.jpg,6,6,0.7547376751899719,-0.3649449944496155,0.5209910273551941,-0.49144357442855835,0.2657167315483093
2988.jpg,0,2,0.2987597584724426,0.0,-0.30487799644470215,-0.3880090117454529,0.13554532825946808
4743.jpg,3,3,0.8007165193557739,0.2460319995880127,0.4920629858970642,0.017949938774108887,0.6515045166015625
533.jpg,3,4,0.6551842093467712,-0.15001900494098663,0.8855980038642883,-0.06652133166790009,0.5833727717399597
4833.jpg,3,3,0.45877113938331604,-0.038714699447155,0.6291130185127258,-0.22589433193206787,0.28080496191978455
5440.jpg,1,7,0.5859947800636292,0.7502679824829102,0.13397599756717682,-0.3678007423877716,0.3308345079421997
2305.jpg,6,6,0.5492133498191833,-0.6349210143089294,0.36507898569107056,-0.2957284450531006,0.353907972574234
773.jpg,7,7,0.6205509901046753,-0.7301589846611023,0.6349210143089294,-0.5687779188156128,0.5492069125175476
3387.jpg,7,2,0.4473823010921478,-0.16937699913978577,0.6436309814453125,-0.2286519706249237,0.021028827875852585
4177.jpg,7,1,0.5859030485153198,-0.32907500863075256,0.37262898683547974,-0.0046490952372550964,0.3268822133541107
3493.jpg,7,7,0.7308773398399353,-0.5081300139427185,0.5855590105056763,-0.0796486884355545,0.41313788294792175
3757.jpg,6,6,0.33639201521873474,-0.3484320044517517,0.5662019848823547,-0.37979453802108765,0.42488226294517517
4500.jpg,3,3,0.7427027821540833,-0.02107040025293827,0.8849560022354126,0.015308260917663574,0.5115774869918823
4194.jpg,1,1,0.2859707176685333,0.7341269850730896,0.07936509698629379,-0.10645364969968796,0.2903273403644562
2910.jpg,5,5,0.2490801215171814,-0.6921370029449463,0.4077320098876953,-0.17856457829475403,0.3548400402069092
5220.jpg,7,7,0.33576732873916626,-0.642857015132904,0.6587299704551697,-0.12836198508739471,0.5908477902412415
1215.jpg,5,6,0.3232896327972412,-0.6587299704551697,0.4761900007724762,-0.37998127937316895,0.41663500666618347
4610.jpg,1,7,0.6497101783752441,0.5158730149269104,-0.16666699945926666,-0.3189316987991333,0.393139511346817
3466.jpg,4,4,0.48524209856987,-0.10570800304412842,0.9085879921913147,-0.006442353129386902,0.6239253878593445
3039.jpg,4,4,0.3804270327091217,-0.058335501700639725,0.5336620211601257,-0.11139730364084244,0.409615159034729
47.jpg,6,6,0.5548861622810364,-0.348675012588501,0.6325960159301758,-0.2916412949562073,0.40722790360450745
3345.jpg,7,7,0.7072846293449402,-0.5379559993743896,0.682407021522522,-0.05553758144378662,0.3795231878757477
2193.jpg,4,5,0.3328019380569458,-0.09815769642591476,0.7223399877548218,-0.4748761057853699,0.5340161919593811
2793.jpg,4,6,0.4582206606864929,-0.18172399699687958,0.9345790147781372,-0.3581297993659973,0.3524737060070038
1930.jpg,5,2,0.2757841646671295,-0.20634900033473969,0.5476189851760864,-0.29277753829956055,0.1637868732213974
2501.jpg,5,5,0.8726712465286255,-0.8174600005149841,0.38095200061798096,-0.44870781898498535,0.40965941548347473
2126.jpg,4,0,0.29777035117149353,-0.10646499693393707,0.7258999943733215,-0.420284628868103,0.2193191945552826
1473.jpg,5,5,0.8202012777328491,-0.20809100568294525,0.17905500531196594,-0.4465477764606476,0.39402109384536743
5174.jpg,1,2,0.7391228079795837,0.8322799801826477,-0.06847870349884033,-0.3221946060657501,0.05020122602581978
1918.jpg,0,7,0.804271399974823,0.0038278999272733927,0.0038278999272733927,-0.3047518730163574,0.5080960988998413
1755.jpg,5,3,0.25089460611343384,-0.6666669845581055,0.42063501477241516,-0.05734829604625702,0.5450477600097656
280.jpg,0,4,0.4256151020526886,-0.30487799644470215,-0.14518000185489655,-0.2551315128803253,0.4616735279560089
136.jpg,1,7,0.7052592039108276,0.9001160264015198,-0.14034099876880646,-0.23524099588394165,0.3422680199146271
3722.jpg,0,5,0.30829760432243347,-0.019445199519395828,-0.03240859881043434,-0.17326006293296814,0.22081175446510315
973.jpg,2,2,0.35469579696655273,-0.6587299704551697,-0.31746000051498413,-0.34316110610961914,0.1145319864153862
3642.jpg,7,6,0.6984559893608093,-0.2613239884376526,0.5565230250358582,-0.3912322223186493,0.3453461229801178
3494.jpg,2,0,0.6885082125663757,-0.523809015750885,-0.2460319995880127,-0.2555217742919922,0.015120483934879303
1022.jpg,2,5,0.49700167775154114,-0.11111100018024445,-0.33333298563957214,-0.31120458245277405,0.49472248554229736
1893.jpg,2,2,0.42519986629486084,-0.7081609964370728,-0.2564690113067627,-0.382893830537796,0.16783295571804047
2751.jpg,5,5,0.9120268821716309,-0.7380949854850769,0.4603169858455658,-0.4130592346191406,0.4361400604248047
1831.jpg,1,1,0.8414070010185242,0.5396829843521118,0.11111100018024445,0.25349658727645874,0.2769152522087097
4654.jpg,1,1,0.7599714994430542,0.8968250155448914,0.39682498574256897,0.2802312672138214,0.34010156989097595
5133.jpg,3,6,0.298622190952301,0.17460300028324127,0.9523810148239136,-0.03306586667895317,0.3597150444984436
4883.jpg,5,1,0.31315115094184875,-0.8730159997940063,0.4365079998970032,-0.08039689809083939,0.3535257577896118
5360.jpg,3,3,0.5574236512184143,0.2301589995622635,0.9523810148239136,-0.0829448327422142,0.560837984085083
3354.jpg,0,2,0.3431340754032135,0.007936510257422924,0.02380950003862381,-0.34563595056533813,0.2649673521518707
4480.jpg,2,2,0.2320132553577423,-0.6162909865379333,-0.2602970004081726,-0.3466561734676361,0.3009853959083557
930.jpg,4,6,0.31565916538238525,-0.07550589740276337,0.5713279843330383,-0.4352858364582062,0.4170604944229126
1170.jpg,4,6,0.35988849401474,-0.07763980329036713,0.49171799421310425,-0.31412824988365173,0.3546569049358368
4699.jpg,6,7,0.5046788454055786,-0.523809015750885,0.15079399943351746,-0.32511916756629944,0.33010950684547424
5158.jpg,7,7,0.7460548877716064,-0.5420920252799988,0.6377549767494202,-0.12190411984920502,0.36605948209762573
2541.jpg,4,6,0.47213777899742126,-0.14285700023174286,0.8253970146179199,-0.4284241795539856,0.5148165822029114
3978.jpg,7,7,0.3609020411968231,-0.6269840002059937,0.642857015132904,-0.35186535120010376,0.24618586897850037
4848.jpg,0,3,0.4365273118019104,0.4464290142059326,0.07440479844808578,-0.0010714605450630188,0.4099516272544861
5202.jpg,6,1,0.2587650418281555,-0.33333298563957214,0.5396829843521118,-0.20510900020599365,0.18301087617874146
1273.jpg,5,5,0.806209146976471,-0.7698410153388977,0.38888901472091675,-0.44483864307403564,0.44993069767951965
402.jpg,2,7,0.45115047693252563,-0.7355790138244629,-0.32907500863075256,-0.3366736173629761,0.3222350776195526
2540.jpg,6,2,0.3040584623813629,-0.5079360008239746,0.38888901472091675,-0.42161858081817627,0.26181939244270325
2740.jpg,4,3,0.7473204135894775,-0.10958400368690491,0.5528990030288696,0.07006975263357162,0.40265750885009766
4512.jpg,1,1,0.7953664064407349,0.5004209876060486,0.15275999903678894,0.22455984354019165,0.2603417932987213
2187.jpg,0,0,0.3420765697956085,-0.3898020088672638,-0.18963299691677094,-0.2764264643192291,0.10614699125289917
3420.jpg,3,4,0.6285071969032288,0.06291130185127258,0.49361199140548706,-0.023042306303977966,0.7483190298080444
3451.jpg,6,5,0.634928286075592,-0.3259640038013458,0.5598070025444031,-0.44202208518981934,0.38955411314964294
967.jpg,6,6,0.6243888735771179,-0.40166500210762024,0.7549359798431396,-0.38968008756637573,0.3712831139564514
3727.jpg,1,7,0.49046388268470764,0.6583979725837708,0.07655789703130722,-0.1644221544265747,0.3892747759819031
2599.jpg,3,4,0.5781626105308533,0.022651800885796547,0.9689919948577881,-0.1354716569185257,0.5551252365112305
5274.jpg,5,5,0.8201168775558472,-0.7532659769058228,0.532027006149292,-0.4523915648460388,0.38046711683273315
548.jpg,2,1,0.3681419789791107,-0.40166500210762024,-0.2226089984178543,-0.14123821258544922,0.2644152045249939
2877.jpg,5,5,0.9225225448608398,-0.7116979956626892,0.42701900005340576,-0.4282152056694031,0.4469309151172638
2623.jpg,5,6,0.3958095908164978,-0.9047620296478271,0.40476199984550476,-0.42629072070121765,0.3256625235080719
5293.jpg,1,1,0.7864565253257751,0.857142984867096,0.12698400020599365,0.3476117253303528,0.2883908450603485
5477.jpg,0,2,0.5444054007530212,-0.13695700466632843,-0.36346399784088135,-0.4363633394241333,0.18848231434822083
2410.jpg,3,4,0.475493460893631,-0.09481669962406158,0.8428149819374084,-0.268330842256546,0.5203701853752136
2628.jpg,0,4,0.25034135580062866,-0.004839329980313778,-0.009678670205175877,-0.24050447344779968,0.30649104714393616
4326.jpg,7,7,0.6506813168525696,-0.4258610010147095,0.46941500902175903,-0.14124765992164612,0.5176330804824829
4747.jpg,7,1,0.42021721601486206,-0.43070098757743835,0.479093998670578,0.06029462069272995,0.17643111944198608
4263.jpg,4,2,0.28747987747192383,-0.20634900033473969,0.912697970867157,-0.26738542318344116,0.24541562795639038
3276.jpg,0,0,0.2937619686126709,0.007936510257422924,0.015873000025749207,-0.24693113565444946,0.33493006229400635
4644.jpg,6,6,0.41717979311943054,-0.421407014131546,0.48988598585128784,-0.3858182430267334,0.4672553837299347
3014.jpg,3,3,0.44468334317207336,0.3436940014362335,0.5678420066833496,-0.10223378986120224,0.33674538135528564
2830.jpg,6,5,0.48977720737457275,-0.40166500210762024,0.7936509847640991,-0.3360678553581238,0.3252187669277191
2116.jpg,4,2,0.41127365827560425,-0.09259259700775146,0.6415339708328247,-0.3146681487560272,0.22440898418426514
5291.jpg,7,7,0.5364279747009277,-0.6746029853820801,0.642857015132904,0.041534967720508575,0.39016759395599365
3533.jpg,6,2,0.25820717215538025,-0.4831640124320984,0.8168960213661194,-0.4536455273628235,0.2734694480895996
3645.jpg,3,3,0.6076869368553162,0.15959300100803375,0.5995510220527649,-0.15064871311187744,0.587551474571228
810.jpg,6,5,0.45737385749816895,-0.6935439705848694,0.5595890283584595,-0.47446081042289734,0.2731035053730011
2423.jpg,5,5,0.5204468369483948,-0.764614999294281,0.37262898683547974,-0.4604969620704651,0.532454788684845
4363.jpg,4,4,0.6673230528831482,-0.09194730222225189,0.9146339893341064,-0.2814229428768158,0.44375544786453247
2780.jpg,1,7,0.5600576400756836,0.5476189851760864,-0.007936510257422924,-0.1721404790878296,0.33044010400772095
2307.jpg,5,5,0.40475189685821533,-0.43553999066352844,0.7162209749221802,-0.40519893169403076,0.5371578335762024
2038.jpg,5,6,0.3099541664123535,-0.6920250058174133,0.6049169898033142,-0.09622488915920258,0.4920722246170044
329.jpg,3,0,0.42809054255485535,0.2698409855365753,0.8015869855880737,-0.1833718717098236,0.35126999020576477
2360.jpg,6,6,0.7133120894432068,-0.5714290142059326,0.2698409855365753,-0.35700610280036926,0.3465877175331116
2691.jpg,4,4,0.7409209609031677,-0.11904799938201904,0.7936509847640991,-0.1529635190963745,0.48115020990371704
2.jpg,4,4,0.6769286394119263,-0.06291130185127258,0.5323269963264465,-0.2469891905784607,0.4435998797416687
1437.jpg,1,1,0.5524956583976746,0.8275259733200073,0.11614400148391724,0.07622271031141281,0.2542232871055603
2726.jpg,4,4,0.6917014122009277,-0.11904799938201904,0.8253970146179199,-0.16398772597312927,0.473753422498703
4124.jpg,0,7,0.377437949180603,0.015873000025749207,0.007936510257422924,-0.2648930847644806,0.34530213475227356
2874.jpg,7,4,0.4630153179168701,0.038714699447155,0.7936509847640991,-0.11417636275291443,0.4949302077293396
3457.jpg,3,3,0.7460055351257324,-0.04873289912939072,0.8702309727668762,-0.12235689908266068,0.6365312337875366
2016.jpg,5,3,0.37817493081092834,-0.7500969767570496,0.39198601245880127,-0.18982452154159546,0.46671244502067566
1777.jpg,2,2,0.4256746172904968,-0.8467820286750793,-0.21916699409484863,-0.4781528115272522,0.24846693873405457
4339.jpg,7,7,0.7578002214431763,-0.6145949959754944,0.6145949959754944,-0.23052731156349182,0.3379221558570862
1239.jpg,7,7,0.29334020614624023,-0.6349210143089294,0.7063490152359009,-0.28016871213912964,0.2839173376560211
5073.jpg,1,1,0.6668114066123962,0.8033289909362793,0.06775069981813431,0.031348906457424164,0.26248899102211
4365.jpg,1,1,0.36033135652542114,0.7597749829292297,0.08710800111293793,-0.07897798717021942,0.31613248586654663
5362.jpg,7,7,0.7836665511131287,-0.6507940292358398,0.6349210143089294,-0.1794469654560089,0.5400418043136597
1767.jpg,3,1,0.7629647254943848,0.3242349922657013,0.764614999294281,0.16847199201583862,0.2713592052459717
249.jpg,1,1,0.7503809928894043,0.8492059707641602,0.07142859697341919,0.13352042436599731,0.19619056582450867
4911.jpg,1,1,0.8787709474563599,0.7081609964370728,0.1263210028409958,0.4111870527267456,0.228510320186615
5302.jpg,0,7,0.8841462135314941,0.00862663984298706,-0.05175980180501938,-0.39454030990600586,0.4686403274536133
1914.jpg,2,0,0.7881867289543152,-0.6349210143089294,-0.38095200061798096,-0.18734997510910034,0.16641417145729065
1669.jpg,7,6,0.2467515468597412,-0.6484709978103638,0.6387919783592224,-0.36520540714263916,0.3073429465293884
1903.jpg,7,7,0.5180978178977966,-0.6484709978103638,0.6484709978103638,-0.25756511092185974,0.31005269289016724
1319.jpg,6,6,0.7542914748191833,-0.11214599758386612,0.27173900604248047,-0.27223142981529236,0.4727780222892761
3766.jpg,1,7,0.4150950312614441,0.5479180216789246,0.2590160071849823,-0.03672192990779877,0.3973436653614044
4350.jpg,3,3,0.23921102285385132,0.38888901472091675,0.8968250155448914,0.04980432242155075,0.459393709897995
2461.jpg,5,5,0.5535855293273926,-0.880952000617981,0.4444440007209778,-0.4284290671348572,0.4520716667175293
3446.jpg,1,7,0.4150320887565613,0.7936509847640991,0.1035199984908104,-0.03435971215367317,0.347730427980423
4486.jpg,6,0,0.3559705913066864,-0.4444440007209778,0.16666699945926666,-0.24497467279434204,0.2122165858745575
5050.jpg,6,3,0.6980962157249451,-0.4365079998970032,0.6746029853820801,-0.14272919297218323,0.6422230005264282
3872.jpg,2,2,0.40713101625442505,-0.8057019710540771,-0.2634029984474182,-0.4219529330730438,0.21327006816864014
464.jpg,7,7,0.3822046220302582,-0.5130500197410583,0.6724449992179871,-0.40070030093193054,0.3616684675216675
4724.jpg,4,4,0.6391481757164001,-0.039682500064373016,0.6349210143089294,-0.21934914588928223,0.46708106994628906
5200.jpg,5,6,0.4554702639579773,-0.8968250155448914,0.38095200061798096,-0.521919846534729,0.28817278146743774
1754.jpg,7,1,0.7792258858680725,-0.6254310011863708,0.6728780269622803,0.21265706419944763,0.29650428891181946
4767.jpg,5,4,0.24297907948493958,-0.7275130152702332,0.15873000025749207,-0.021791037172079086,0.5304310917854309
3906.jpg,4,2,0.34037426114082336,-0.0873015969991684,0.6984130144119263,-0.42662563920021057,0.3271511197090149
1229.jpg,3,1,0.27501848340034485,0.19841299951076508,0.6984130144119263,0.085580013692379,0.515470027923584
2886.jpg,4,4,0.5809561610221863,-0.18258799612522125,0.5988900065422058,-0.20045283436775208,0.5698196291923523
5247.jpg,0,3,0.7410016655921936,-0.00431331992149353,-0.017253300175070763,-0.039520442485809326,0.6291772723197937
5176.jpg,1,1,0.8920274376869202,0.48461899161338806,0.1264220029115677,0.34221699833869934,0.22212117910385132
2750.jpg,6,5,0.3870791792869568,-0.48814499378204346,0.8218770027160645,-0.16758868098258972,0.24852874875068665
4521.jpg,6,2,0.23281188309192657,-0.4285709857940674,0.20634900033473969,-0.35441988706588745,0.3391585052013397
2335.jpg,6,2,0.44146817922592163,-0.6111109852790833,0.40476199984550476,-0.2894707918167114,0.19329363107681274
5035.jpg,3,3,0.8275030851364136,0.4210219979286194,0.8855980038642883,0.15022891759872437,0.5196275115013123
432.jpg,0,2,0.2916869819164276,-0.07142859697341919,-0.03174600005149841,-0.2644679546356201,0.2880803942680359
4825.jpg,5,6,0.46146151423454285,-0.7116979956626892,0.431331992149353,-0.3477919399738312,0.34885480999946594
476.jpg,3,6,0.258471816778183,0.3835430145263672,0.5927479863166809,-0.23994368314743042,0.28628697991371155
3920.jpg,1,1,0.5638608932495117,0.7893369793891907,0.11214599758386612,0.14040127396583557,0.3211551606655121
4944.jpg,7,0,0.35909947752952576,-0.20325200259685516,0.24196699261665344,-0.3032586872577667,0.2843055725097656
5179.jpg,7,2,0.2740989327430725,0.18253999948501587,0.39682498574256897,-0.3297210931777954,0.2936708927154541
3480.jpg,0,2,0.6465755701065063,-0.03174600005149841,0.04761900007724762,-0.49836671352386475,0.17889255285263062
5137.jpg,0,0,0.4860137403011322,-0.08529890328645706,0.07046429812908173,-0.12100249528884888,0.23799249529838562
3186.jpg,6,0,0.3086449205875397,-0.7216600179672241,0.4424780011177063,-0.2713049352169037,0.29960203170776367
4984.jpg,0,2,0.49269163608551025,-0.4108720123767853,0.13168999552726746,-0.23051443696022034,0.0676330104470253
5358.jpg,2,2,0.6389482021331787,-0.7355790138244629,0.20325200259685516,-0.4291307330131531,0.10773401707410812
790.jpg,0,0,0.7362064123153687,0.0,0.0038278999272733927,-0.20433920621871948,0.09684000164270401
4951.jpg,5,4,0.3763209581375122,-0.46941500902175903,0.21293100714683533,-0.1618640422821045,0.3088216781616211
4593.jpg,4,2,0.6605515480041504,-0.09678670018911362,0.7500969767570496,-0.3260686993598938,-0.015379950404167175
3898.jpg,3,0,0.6779709458351135,0.007936510257422924,0.2619050145149231,-0.24474957585334778,0.2936512529850006
371.jpg,7,7,0.8196839690208435,-0.591463029384613,0.6191480159759521,-0.26932427287101746,0.4498649537563324
122.jpg,1,1,0.3394613265991211,0.523809015750885,0.7142860293388367,-0.05642213299870491,0.4337378740310669
632.jpg,0,0,0.46614202857017517,0.007936510257422924,-0.007936510257422924,-0.28841596841812134,0.038415245711803436
638.jpg,4,4,0.5937343239784241,-0.2777779996395111,0.8888890147209167,-0.13792240619659424,0.6425340175628662
3564.jpg,3,4,0.5087631344795227,0.4523810148239136,0.8730159997940063,0.07647859305143356,0.40801090002059937
4822.jpg,0,0,0.4317462146282196,-0.007936510257422924,0.015873000025749207,-0.031941212713718414,0.2451973855495453
593.jpg,0,0,0.5474632382392883,-0.34766098856925964,0.2633799910545349,-0.11419577151536942,0.24724620580673218
3888.jpg,4,3,0.4688723385334015,-0.15682899951934814,0.6273170113563538,-0.1722525656223297,0.617875874042511
2979.jpg,5,5,0.6895140409469604,-0.7210609912872314,0.4452190101146698,-0.2041049301624298,0.4245269298553467
2097.jpg,2,0,0.5510792136192322,-0.5361080169677734,-0.354777991771698,-0.12258313596248627,0.22442686557769775
1167.jpg,3,1,0.7692530155181885,0.2806810140609741,0.8178470134735107,0.29509034752845764,0.33715125918388367
2003.jpg,1,1,0.6264191269874573,0.6349210143089294,0.095238097012043,0.04492244869470596,0.12242114543914795
248.jpg,0,3,0.2715378999710083,0.44037899374961853,-0.12098299711942673,-0.1459231972694397,0.3194689452648163
5244.jpg,5,5,0.5814158320426941,-0.193572998046875,0.18389500677585602,-0.45235729217529297,0.33034369349479675
1133.jpg,6,5,0.31512096524238586,-0.8420439958572388,0.23712700605392456,-0.533323347568512,0.42602190375328064
5022.jpg,4,3,0.5157405734062195,-0.18121400475502014,0.8204969763755798,0.0856260135769844,0.5892343521118164
1231.jpg,6,3,0.4730699062347412,-0.15873000025749207,0.37301599979400635,-0.07986127585172653,0.5031936168670654
4065.jpg,4,0,0.3882153630256653,-0.15275999903678894,0.7743359804153442,-0.21656879782676697,0.24460303783416748
2008.jpg,7,5,0.5364393591880798,-0.4452190101146698,0.49845099449157715,-0.3673856854438782,0.34151506423950195
4829.jpg,4,6,0.36890000104904175,-0.1107420027256012,0.8934860229492188,-0.2687598764896393,0.43384769558906555
926.jpg,4,2,0.43719616532325745,-0.1494320034980774,0.8119149804115295,-0.2806690037250519,0.09531570225954056
3586.jpg,2,2,0.6259837746620178,-0.9146339893341064,-0.2613239884376526,-0.41054657101631165,0.0932193174958229
5075.jpg,2,2,0.8282450437545776,-0.6145949959754944,-0.2661629915237427,-0.4791678786277771,-0.04929085820913315
507.jpg,2,2,0.6459375619888306,-0.7539680004119873,-0.34126999974250793,-0.3248756229877472,0.07239355891942978
2443.jpg,2,5,0.4372948110103607,-0.8517630100250244,-0.1843000054359436,-0.3625636696815491,0.3684290945529938
4025.jpg,3,3,0.35607486963272095,0.3774679899215698,0.8565620183944702,-0.10390433669090271,0.5265323519706726
1901.jpg,1,1,0.5244892239570618,0.8226869702339172,0.1306619942188263,-0.046652600169181824,0.15416382253170013
228.jpg,2,4,0.3957122266292572,-0.7549359798431396,-0.33875301480293274,-0.27809038758277893,0.34271350502967834
2481.jpg,7,7,0.383209764957428,-0.6484709978103638,0.6533100008964539,-0.12690167129039764,0.4891132414340973
4487.jpg,6,5,0.6867121458053589,-0.5941579937934875,0.6892229914665222,-0.3994990587234497,0.4033642113208771
4908.jpg,2,0,0.3612140417098999,-0.30158698558807373,-0.19047600030899048,-0.2335187792778015,0.15216279029846191
4258.jpg,3,3,0.41370105743408203,0.08428149670362473,0.8270120024681091,-0.18198782205581665,0.5186624526977539
2633.jpg,2,7,0.2774578630924225,-0.10317499935626984,-0.587302029132843,-0.25090742111206055,0.3493378460407257
3198.jpg,6,5,0.6237375140190125,-0.6415339708328247,0.3703700006008148,-0.5202163457870483,0.351606547832489
1653.jpg,7,7,0.47015151381492615,-0.5345519781112671,0.7204830050468445,-0.29541072249412537,0.2621811628341675
4868.jpg,2,7,0.41735604405403137,-0.5555559992790222,-0.2539680004119873,-0.08730289340019226,0.27411124110221863
1622.jpg,4,1,0.6477054357528687,-0.0873015969991684,0.5952379703521729,0.06906531006097794,0.3578265905380249
15.jpg,6,3,0.33797013759613037,-0.5396829843521118,0.35714301466941833,-0.2920670807361603,0.40402182936668396
3334.jpg,5,5,0.6829689145088196,-0.7539680004119873,0.4444440007209778,-0.32152053713798523,0.3863794207572937
2921.jpg,1,1,0.8993700742721558,0.7246379852294922,0.07332640141248703,0.380333811044693,0.23030057549476624
1762.jpg,4,2,0.7695953249931335,-0.1548590064048767,0.7549359798431396,-0.37936100363731384,0.014736630022525787
2950.jpg,0,5,0.41033685207366943,0.0,0.02156659960746765,-0.19514301419258118,0.39970502257347107
511.jpg,1,7,0.3075854778289795,0.6086360216140747,0.022967400029301643,-0.16522952914237976,0.3308267593383789
1962.jpg,7,0,0.5382862091064453,-0.2903600037097931,0.30971699953079224,-0.2625163495540619,0.13693004846572876
4899.jpg,6,2,0.314429372549057,-0.36294999718666077,0.5516840219497681,-0.4182233214378357,0.25221264362335205
4060.jpg,4,2,0.46598532795906067,-0.11111100018024445,0.9047620296478271,-0.2345287799835205,0.33126452565193176
1038.jpg,2,4,0.6524627208709717,-0.9444440007209778,-0.2222220003604889,-0.2123037874698639,0.5498691201210022
1057.jpg,2,6,0.4691595137119293,-0.6921370029449463,-0.29447299242019653,-0.3130088150501251,0.3703068792819977
1052.jpg,1,7,0.7720184326171875,0.6507940292358398,-0.11904799938201904,-0.14544004201889038,0.2661803960800171
1526.jpg,7,7,0.5488420128822327,-0.6726670265197754,0.658149003982544,-0.07687731832265854,0.36107876896858215
1417.jpg,1,1,0.7007041573524475,0.912697970867157,0.2539680004119873,0.28635576367378235,0.23042112588882446
1252.jpg,7,7,0.36996400356292725,-0.6387919783592224,0.6533100008964539,-0.015319637954235077,0.3390926718711853
5392.jpg,7,7,0.2255491018295288,-0.5952379703521729,0.642857015132904,-0.1843583881855011,0.27031409740448
5243.jpg,3,4,0.37386441230773926,0.17253300547599792,0.6685640215873718,-0.19037294387817383,0.46917855739593506
207.jpg,6,6,0.34888070821762085,-0.16821900010108948,0.4830920100212097,-0.4816685616970062,0.35676202178001404
3134.jpg,4,4,0.6912918090820312,-0.12698400020599365,0.8412700295448303,-0.29272112250328064,0.563320517539978
4656.jpg,0,7,0.7031587362289429,-0.01728460006415844,-0.015123999677598476,-0.44468289613723755,0.39825767278671265
730.jpg,0,0,0.5990543961524963,-0.004839329980313778,-0.024196699261665344,-0.16425976157188416,0.18303248286247253
3929.jpg,0,6,0.2554391622543335,0.007936510257422924,0.007936510257422924,-0.3273690640926361,0.27829310297966003
1442.jpg,4,2,0.3356703221797943,-0.10822500288486481,0.5486760139465332,-0.35876333713531494,0.20772629976272583
4028.jpg,6,7,0.45650598406791687,-0.1552799940109253,0.4356450140476227,-0.4497014284133911,0.5285657644271851
3682.jpg,5,2,0.4808456301689148,-0.2271299958229065,0.6500629782676697,-0.3510620594024658,0.20645922422409058
2973.jpg,5,5,0.703160285949707,-0.7307389974594116,0.44037899374961853,-0.44215068221092224,0.41176673769950867
1598.jpg,4,4,0.41714394092559814,-0.033875301480293274,0.8323649764060974,-0.3811056315898895,0.34156855940818787
5448.jpg,4,4,0.7405876517295837,-0.11111100018024445,-0.38095200061798096,-0.1509387344121933,0.551976203918457
363.jpg,5,5,0.4359564185142517,-0.609080970287323,0.7122719883918762,-0.3217763602733612,0.5107506513595581
403.jpg,4,6,0.6902686357498169,-0.02903600037097931,0.7307389974594116,-0.3913706839084625,0.5791012644767761
959.jpg,5,6,0.4697018265724182,-0.9047620296478271,0.38095200061798096,-0.2695296108722687,0.3571140468120575
2818.jpg,0,3,0.42972877621650696,-0.4246729910373688,-0.20189400017261505,-0.1084396243095398,0.3438642621040344
3255.jpg,5,2,0.28566494584083557,-0.31976500153541565,0.5358219742774963,-0.4182402789592743,0.34090328216552734
3591.jpg,6,2,0.7861053347587585,-0.6587299704551697,0.5952379703521729,-0.4771699905395508,0.08168577402830124
2924.jpg,7,7,0.37429144978523254,-0.3145569860935211,0.33391401171684265,-0.16036845743656158,0.37880805134773254
25.jpg,4,0,0.4571206271648407,-0.2380950003862381,0.7539680004119873,-0.11983275413513184,0.11098095774650574
4961.jpg,2,2,0.8277477025985718,-0.8888890147209167,-0.20634900033473969,-0.5096850991249084,0.0044348835945129395
3115.jpg,0,0,0.3593599498271942,-0.02903600037097931,0.07742930203676224,-0.05949981510639191,0.3839747905731201
3129.jpg,7,2,0.24064315855503082,-0.5314630270004272,0.6377549767494202,-0.20036646723747253,0.19453909993171692
1718.jpg,2,2,0.49146905541419983,-0.8517630100250244,-0.2590160071849823,-0.46786433458328247,0.3256484568119049
1636.jpg,3,4,0.4434855878353119,0.0,0.5714290142059326,-0.19078579545021057,0.7023451328277588
5453.jpg,4,2,0.6620692014694214,-0.06775069981813431,0.7355790138244629,-0.3784756660461426,0.03334921598434448
2700.jpg,5,5,0.5549999475479126,-0.9206349849700928,0.34126999974250793,-0.46644139289855957,0.5053514242172241
3580.jpg,1,1,0.7312134504318237,0.8324710130691528,0.11646000295877457,0.22244668006896973,0.29749253392219543
116.jpg,1,7,0.6048720479011536,0.7655789852142334,0.04593480005860329,-0.20443066954612732,0.37778568267822266
3128.jpg,3,1,0.7607224583625793,0.2539680004119873,0.8015869855880737,0.347334623336792,0.24536386132240295
1089.jpg,2,7,0.4562588930130005,-0.49171799421310425,-0.17253300547599792,-0.1819681078195572,0.2966293692588806
3452.jpg,7,5,0.7370330691337585,-0.6097559928894043,0.6387919783592224,-0.30507388710975647,0.3742640018463135
5292.jpg,3,3,0.8243805766105652,0.2516449987888336,0.5226479768753052,0.009364917874336243,0.5297960638999939
1850.jpg,3,3,0.7297588586807251,0.36361798644065857,0.5977290272712708,-0.008217014372348785,0.4610866904258728
2819.jpg,2,2,0.5565201640129089,-0.9376890063285828,-0.2549479901790619,-0.4516192078590393,0.22698557376861572
2143.jpg,0,7,0.33426693081855774,0.0,-0.01935729943215847,-0.40577906370162964,0.3052113354206085
3265.jpg,4,4,0.38874244689941406,-0.09194730222225189,0.7742930054664612,-0.08536706864833832,0.5477255582809448
138.jpg,6,6,0.3150613605976105,-0.7210609912872314,0.4258610010147095,-0.2305176854133606,0.43348240852355957
2026.jpg,3,3,0.8046667575836182,0.2222220003604889,0.6825399994850159,0.07508575171232224,0.5949277281761169
4759.jpg,3,4,0.6882368326187134,0.16666699945926666,0.8095239996910095,-0.04470458999276161,0.6108271479606628
4220.jpg,1,4,0.6020077466964722,0.4742549955844879,0.01935729943215847,-0.26988834142684937,0.3274311125278473
3583.jpg,4,4,0.8156874179840088,-0.15275999903678894,0.7743359804153442,-0.09455610811710358,0.6244596838951111
739.jpg,6,3,0.46505725383758545,-0.523809015750885,0.19841299951076508,0.051223911345005035,0.4192948341369629
3839.jpg,4,4,0.6599981784820557,-0.01935729943215847,0.9194729924201965,-0.11261188983917236,0.5703629851341248
4921.jpg,1,1,0.8409134149551392,0.8764240145683289,0.13876700401306152,0.3515588641166687,0.268858939409256
1776.jpg,1,1,0.8025445938110352,0.8372049927711487,0.024196699261665344,0.23353567719459534,0.13878312706947327
1351.jpg,4,4,0.8495395183563232,-0.2951990067958832,0.7839720249176025,-0.04647182673215866,0.7025526165962219
5019.jpg,6,5,0.4246443510055542,-0.5162240266799927,0.7743359804153442,-0.36123740673065186,0.3533836007118225
1058.jpg,7,0,0.2651873826980591,0.2613239884376526,0.7742930054664612,-0.14056813716888428,0.21958133578300476
185.jpg,1,1,0.5977921485900879,0.5056890249252319,0.09481669962406158,0.0658327266573906,0.3340552747249603
673.jpg,3,1,0.47694793343544006,0.4603169858455658,0.880952000617981,0.15870347619056702,0.4351842403411865
1533.jpg,2,2,0.26745232939720154,-0.7901390194892883,-0.2844499945640564,-0.35007843375205994,0.29140105843544006
2136.jpg,2,2,0.4268905818462372,-0.17460300028324127,-0.35714301466941833,-0.382710337638855,0.27390220761299133
2748.jpg,4,4,0.88665372133255,-0.07936509698629379,0.7460319995880127,-0.15933829545974731,0.6676065325737
2127.jpg,3,3,0.45843249559402466,0.3586370050907135,0.6575009822845459,-0.04391080141067505,0.5352988243103027
4831.jpg,7,6,0.35589131712913513,-0.658149003982544,0.6678280234336853,-0.23025542497634888,0.408249169588089
527.jpg,6,1,0.30015259981155396,-0.4682210087776184,0.7969710230827332,0.0165395587682724,0.2739839255809784
4146.jpg,3,3,0.3974023163318634,0.3193959891796112,0.7065430283546448,-0.15984311699867249,0.5587656497955322
2341.jpg,5,5,0.36079663038253784,-0.5927479863166809,0.4831640124320984,-0.11381117254495621,0.46601104736328125
14.jpg,7,7,0.4359208047389984,-0.6269840002059937,0.6111109852790833,-0.26437097787857056,0.3061283826828003
1604.jpg,7,7,0.5247395634651184,-0.6145949959754944,0.6678280234336853,-0.33864131569862366,0.16816923022270203
4318.jpg,1,1,0.6635351777076721,0.8517230153083801,0.2226089984178543,0.14376479387283325,0.2117040753364563
1.jpg,0,2,0.30544543266296387,-0.36778900027275085,0.18389500677585602,-0.37474435567855835,0.24915233254432678
4947.jpg,4,3,0.4122239351272583,-0.05555560067296028,0.8095239996910095,-0.08115184307098389,0.5855465531349182
815.jpg,3,3,0.48279303312301636,0.0873015969991684,0.6825399994850159,0.05618240684270859,0.33409109711647034
3524.jpg,2,6,0.4971062242984772,-0.4603169858455658,-0.2380950003862381,-0.334842711687088,0.40749311447143555
339.jpg,7,0,0.2809373140335083,-0.658149003982544,0.658149003982544,-0.24796247482299805,0.18626746535301208
995.jpg,1,1,0.5713022947311401,0.531745970249176,0.015873000025749207,0.11257535964250565,0.3134826123714447
1760.jpg,0,2,0.28962644934654236,-0.00431331992149353,0.017253300175070763,-0.28443530201911926,0.22349736094474792
2244.jpg,5,4,0.31677091121673584,-0.740418016910553,0.43070098757743835,-0.337116539478302,0.49725931882858276
1813.jpg,7,1,0.5953217148780823,-0.43383899331092834,0.5138930082321167,-0.021981626749038696,0.31177300214767456
1757.jpg,6,6,0.3928617835044861,-0.8226869702339172,0.193572998046875,-0.3745032250881195,0.39795392751693726
3982.jpg,2,2,0.5690966248512268,-0.36507898569107056,-0.15079399943351746,-0.46316033601760864,0.22087940573692322
3089.jpg,0,7,0.5815331935882568,0.0,0.02380950003862381,-0.30732882022857666,0.49389299750328064
922.jpg,2,1,0.6853523850440979,-0.9285709857940674,-0.20634900033473969,-0.005157150328159332,0.2176729440689087
3545.jpg,3,4,0.6256380081176758,0.08195310086011887,0.3105590045452118,-0.2924399673938751,0.5470771789550781
588.jpg,6,6,0.7904499173164368,-0.36507898569107056,0.6031749844551086,-0.42232900857925415,0.4630129337310791
4211.jpg,6,7,0.37278538942337036,-0.16666699945926666,0.34920600056648254,-0.20561373233795166,0.3204099237918854
3474.jpg,3,4,0.449084997177124,-0.038714699447155,0.7888110280036926,-0.09023026376962662,0.5150162577629089
2864.jpg,4,4,0.2824328541755676,-0.15079399943351746,0.7936509847640991,-0.3331248462200165,0.43802541494369507
4875.jpg,1,7,0.5789890885353088,0.6629890203475952,0.11614400148391724,-0.21621036529541016,0.4637000262737274
831.jpg,1,0,0.4184490442276001,0.38888901472091675,0.015873000025749207,0.08530021458864212,0.230945885181427
4107.jpg,2,2,0.7492461800575256,-0.8650789856910706,-0.35714301466941833,-0.4788823127746582,0.02404138073325157
4703.jpg,4,4,0.8038259148597717,-0.15873000025749207,0.8015869855880737,-0.15001656115055084,0.6285690665245056
1840.jpg,4,4,0.5335558652877808,-0.13695700466632843,0.8006740212440491,0.06311934441328049,0.5545693039894104
4628.jpg,0,6,0.5243277549743652,-0.14285700023174286,-0.15873000025749207,-0.3715764880180359,0.4072033166885376
3401.jpg,6,2,0.5490612387657166,-0.6194350123405457,0.4113430082798004,-0.3411949872970581,0.2303697168827057
944.jpg,5,7,0.2713305652141571,-0.764614999294281,0.4452190101146698,-0.2922481596469879,0.27421697974205017
2576.jpg,0,0,0.5793941020965576,0.033875301480293274,0.06775069981813431,-0.21636870503425598,0.21504241228103638
1692.jpg,0,7,0.7376458048820496,0.20422400534152985,0.11954600363969803,-0.23610541224479675,0.34770676493644714
4079.jpg,0,6,0.7362750768661499,0.01531159970909357,0.011483700014650822,-0.2110852301120758,0.45528683066368103
5355.jpg,0,2,0.3808209300041199,0.0,0.007936510257422924,-0.3739677369594574,0.18283595144748688
4303.jpg,1,1,0.7161179780960083,0.5634920001029968,0.0,0.08706284314393997,0.18020394444465637
4918.jpg,3,3,0.8367435932159424,0.3435930013656616,0.7888110280036926,0.013450480997562408,0.5588093996047974
4088.jpg,4,3,0.5857250094413757,-0.10646499693393707,0.8226869702339172,-0.004413321614265442,0.6829417943954468
1432.jpg,1,1,0.3511050045490265,0.4256330132484436,0.14475800096988678,0.0116281658411026,0.28144457936286926
4353.jpg,4,4,0.5139079689979553,-0.18963299691677094,0.7585330009460449,-0.16273771226406097,0.34186699986457825
4751.jpg,3,3,0.3869614005088806,-0.07374630123376846,0.8322799801826477,-0.00682416558265686,0.40271294116973877
332.jpg,6,3,0.3520561158657074,-0.40958499908447266,0.46317601203918457,-0.1514284312725067,0.38285794854164124
69.jpg,3,3,0.456581175327301,0.36778900027275085,0.764614999294281,0.016488857567310333,0.3550945520401001
2467.jpg,4,4,0.2966477572917938,-0.15939399600028992,0.8766689896583557,-0.2960432767868042,0.49915555119514465
4312.jpg,2,4,0.4093592166900635,-0.8866310119628906,-0.17931899428367615,-0.21218925714492798,0.24872243404388428
2276.jpg,2,2,0.7319901585578918,-0.9617379903793335,-0.06238299980759621,-0.48263823986053467,0.15215295553207397
3618.jpg,6,3,0.3431246876716614,-0.523809015750885,0.14285700023174286,-0.0713232234120369,0.5313558578491211
4186.jpg,0,7,0.3676285147666931,0.015873000025749207,-0.007936510257422924,-0.015602946281433105,0.4107673168182373
3916.jpg,3,3,0.6507865190505981,0.2222220003604889,0.9285709857940674,-0.02590002864599228,0.6185588240623474
737.jpg,7,0,0.433808833360672,-0.43900400400161743,0.50872802734375,-0.23105207085609436,0.2497764229774475
1511.jpg,5,6,0.3514813184738159,-0.8015869855880737,0.39682498574256897,-0.37042236328125,0.20301292836666107
3730.jpg,1,7,0.7361398339271545,0.21428599953651428,-0.007936510257422924,-0.34134986996650696,0.38849297165870667
113.jpg,4,4,0.7637208104133606,-0.17905500531196594,0.7694540023803711,-0.10011216998100281,0.4796037971973419
572.jpg,0,4,0.46602663397789,0.03486749902367592,0.059772901237010956,-0.011776916682720184,0.6149117350578308
3376.jpg,7,5,0.6902751922607422,-0.6124910116195679,0.6642510294914246,-0.4254579246044159,0.37619173526763916
2532.jpg,7,3,0.28387951850891113,-0.6484709978103638,0.6533100008964539,-0.07125390321016312,0.40384915471076965
2842.jpg,0,0,0.34854915738105774,0.09962140023708344,-0.024905400350689888,-0.27987390756607056,0.24279451370239258
1002.jpg,4,4,0.7005832195281982,-0.11450999975204468,0.8577479720115662,-0.12472610175609589,0.5596487522125244
4633.jpg,6,6,0.3492356538772583,-0.40476199984550476,0.8650789856910706,-0.3107962906360626,0.5056757926940918
5380.jpg,0,5,0.35019350051879883,0.02380950003862381,-0.03174600005149841,-0.38863348960876465,0.2868122160434723
3080.jpg,2,6,0.4544704854488373,-0.383884996175766,-0.12077300250530243,-0.2658556401729584,0.29481184482574463
4800.jpg,4,4,0.33075079321861267,-0.095238097012043,0.6507940292358398,-0.2943814694881439,0.28711023926734924
4135.jpg,0,6,0.4454701244831085,-0.05555560067296028,-0.04761900007724762,-0.2433607578277588,0.2264024019241333
2195.jpg,7,7,0.4806305170059204,-0.6387919783592224,0.6339529752731323,-0.3022129535675049,0.3433894217014313
3314.jpg,4,4,0.8941689133644104,-0.11614400148391724,0.6097559928894043,-0.21627116203308105,0.6101003289222717
4464.jpg,3,3,0.6442211270332336,0.39198601245880127,0.8710799813270569,-0.022552482783794403,0.6211941242218018
184.jpg,0,0,0.35368210077285767,0.20016899704933167,-0.20016899704933167,-0.20607158541679382,0.38137656450271606
4105.jpg,1,4,0.31913280487060547,0.742730975151062,-0.0790138989686966,-0.2433423399925232,0.5290327072143555
4940.jpg,1,1,0.8261812925338745,0.36294999718666077,-0.009678670205175877,0.31252169609069824,0.27067726850509644
2186.jpg,5,5,0.5941575169563293,-0.7821279764175415,0.3975459933280945,-0.4405038058757782,0.36674436926841736
2210.jpg,7,7,0.3570774793624878,-0.6984130144119263,0.6507940292358398,-0.28916943073272705,0.37712377309799194
1735.jpg,6,0,0.3368716537952423,-0.7638009786605835,0.458281010389328,-0.30197304487228394,0.2677193880081177
3534.jpg,0,2,0.5445337891578674,0.3532710075378418,-0.09678670018911362,-0.3625252842903137,0.12958134710788727
4954.jpg,2,4,0.8392632007598877,-0.754040002822876,-0.30896198749542236,-0.2164807915687561,0.43809932470321655
3190.jpg,4,2,0.7167890071868896,-0.20016899704933167,0.7690690159797668,-0.39337339997291565,0.19874706864356995
1106.jpg,0,2,0.3589741885662079,-0.43720999360084534,0.11588700115680695,-0.41097041964530945,0.24951472878456116
942.jpg,4,3,0.21908190846443176,-0.08710800111293793,0.8033289909362793,-0.2127922773361206,0.5294766426086426
2506.jpg,3,0,0.3300226330757141,0.12077300250530243,0.4658379852771759,-0.10232897102832794,0.47420427203178406
4938.jpg,6,6,0.5952810049057007,-0.5634920001029968,0.37301599979400635,-0.42450883984565735,0.33138173818588257
5468.jpg,5,5,0.3700762391090393,-0.7010579705238342,0.48941799998283386,-0.2010117471218109,0.5580638647079468
4536.jpg,1,1,0.6177305579185486,0.9014840126037598,0.09920629858970642,0.14383479952812195,0.3233494162559509
3984.jpg,3,5,0.6489989161491394,0.095238097012043,0.6666669845581055,-0.37556394934654236,0.47391533851623535
264.jpg,2,2,0.6440777778625488,-0.6031749844551086,-0.007936510257422924,-0.44745275378227234,0.11671233177185059
4676.jpg,6,6,0.4385128915309906,-0.3651370108127594,0.7994120121002197,-0.26905927062034607,0.46380558609962463
3597.jpg,4,4,0.2970004677772522,-0.2380950003862381,0.7777780294418335,-0.3749104142189026,0.2400529384613037
3831.jpg,4,4,0.6889451742172241,-0.17905500531196594,0.7791330218315125,-0.14136528968811035,0.44105926156044006
4625.jpg,4,0,0.2700497508049011,-0.02903600037097931,0.7162209749221802,-0.009490057826042175,0.12951549887657166
4963.jpg,5,5,0.6535677909851074,-0.7142860293388367,0.4682539999485016,-0.33267274498939514,0.33352842926979065
4631.jpg,7,1,0.7631676197052002,-0.6629890203475952,0.6678280234336853,0.17957085371017456,0.3763176500797272
5101.jpg,6,4,0.28005027770996094,-0.4523810148239136,0.8095239996910095,-0.2072778046131134,0.4110364317893982
4804.jpg,0,2,0.4937059283256531,-0.0129399998113513,0.0,-0.3299323618412018,0.16553187370300293
3513.jpg,4,4,0.4772559106349945,-0.1155799999833107,0.7339339852333069,-0.2657727301120758,0.5620916485786438
5108.jpg,3,3,0.5929514169692993,0.368598997592926,0.5379559993743896,-0.11349458247423172,0.5377233028411865
2093.jpg,6,4,0.4852958023548126,-0.48461899161338806,0.8059419989585876,-0.17318671941757202,0.70771723985672
979.jpg,0,0,0.6585326194763184,-0.0448295995593071,0.059772901237010956,-0.2092272937297821,0.1338152140378952
5038.jpg,5,6,0.7045096158981323,-0.9047620296478271,0.40476199984550476,-0.07531408965587616,0.573102593421936
1464.jpg,1,7,0.3112286627292633,0.8744210004806519,-0.08954910188913345,-0.30266162753105164,0.3883022665977478
5429.jpg,3,2,0.37876248359680176,0.17253300547599792,0.5779849886894226,-0.26097023487091064,0.3028942942619324
3155.jpg,2,7,0.406145304441452,-0.7804229855537415,-0.24470899999141693,-0.31311237812042236,0.16710175573825836
269.jpg,3,3,0.48200660943984985,-0.003708649892359972,0.4153690040111542,-0.21009841561317444,0.5364923477172852
928.jpg,2,2,0.6471378803253174,-0.431331992149353,-0.0862663984298706,-0.49982717633247375,0.1341492235660553
3728.jpg,4,1,0.3738153874874115,-0.11111100018024445,0.7698410153388977,0.0195440873503685,0.3626536726951599
3537.jpg,6,4,0.8051124811172485,-0.3871470093727112,0.7355790138244629,-0.0959283858537674,0.7010971307754517
3709.jpg,6,5,0.731656551361084,-0.4054900109767914,0.8473690152168274,-0.4133438766002655,0.42527490854263306
357.jpg,1,1,0.7364413142204285,0.5396829843521118,-0.007936510257422924,0.18048834800720215,0.13306915760040283
1443.jpg,0,0,0.2448805868625641,0.015873000025749207,0.0,4.9911439418792725e-05,0.31511005759239197
155.jpg,4,6,0.7558578848838806,-0.0503372997045517,0.9639589786529541,-0.3267192840576172,0.41406014561653137
2891.jpg,1,1,0.7836108207702637,0.8492059707641602,-0.07142859697341919,0.19183170795440674,0.18292906880378723
5183.jpg,1,4,0.2951979339122772,0.6430870294570923,0.022967400029301643,-0.29883384704589844,0.2642935812473297
390.jpg,2,2,0.3047029376029968,-0.27871400117874146,-0.16420400142669678,-0.3559339642524719,0.3327171206474304
4991.jpg,4,1,0.4187292456626892,-0.05323269963264465,0.6436309814453125,-0.012595165520906448,0.274852991104126
3243.jpg,5,7,0.279648095369339,-0.5158730149269104,0.523809015750885,-0.35273033380508423,0.23598554730415344
2179.jpg,7,0,0.32676398754119873,-0.6587299704551697,0.642857015132904,-0.30205079913139343,0.44426047801971436
2681.jpg,1,1,0.47037139534950256,0.40166500210762024,0.043554000556468964,0.10175088793039322,0.35204315185546875
2483.jpg,7,0,0.5343472957611084,-0.5588480234146118,0.675815999507904,-0.11255788803100586,0.23502469062805176
2001.jpg,6,6,0.5814105868339539,-0.40476199984550476,0.6349210143089294,-0.1557767391204834,0.37847667932510376
1468.jpg,1,1,0.871831476688385,0.8669769763946533,0.10783299803733826,0.36655130982398987,0.21222427487373352
1247.jpg,5,5,0.6516676545143127,-0.18389500677585602,0.5129690170288086,-0.37341979146003723,0.3690846562385559
1415.jpg,0,3,0.330775648355484,0.007936510257422924,0.007936510257422924,-0.25423750281333923,0.19582003355026245
5107.jpg,6,6,0.3277908265590668,-0.4732019901275635,0.8069339990615845,-0.35025954246520996,0.25893592834472656
458.jpg,7,7,0.8505059480667114,-0.6339529752731323,0.6387919783592224,-0.3785299062728882,0.4478794038295746
4281.jpg,7,7,0.7697620391845703,-0.6533100008964539,0.658149003982544,-0.10967736691236496,0.3376339375972748
1418.jpg,0,7,0.6656199097633362,0.0,-0.004839329980313778,-0.31418484449386597,0.23256811499595642
2316.jpg,2,5,0.43926528096199036,-0.7597749829292297,-0.36294999718666077,-0.2568908929824829,0.37079381942749023
3427.jpg,4,4,0.7261937856674194,-0.10964900255203247,0.9790099859237671,-0.2054775059223175,0.6257026195526123
3017.jpg,4,4,0.7898657917976379,-0.2241480052471161,0.8766689896583557,-0.32717254757881165,0.4980481266975403
3590.jpg,7,0,0.7430076599121094,-0.30487799644470215,0.3435930013656616,-0.20333290100097656,0.1779034435749054
3404.jpg,4,4,0.7733100652694702,-0.20819999277591705,0.7794150114059448,-0.20635664463043213,0.5148071646690369
1345.jpg,6,7,0.44901975989341736,-0.14665299654006958,0.40976500511169434,-0.39943742752075195,0.4534556567668915
2591.jpg,6,6,0.439047247171402,-0.3105590045452118,0.6858180165290833,-0.3513829708099365,0.3780977129936218
3523.jpg,6,0,0.690255880355835,-0.15079399943351746,0.34920600056648254,-0.13805967569351196,0.2251734435558319
2834.jpg,0,7,0.3829839527606964,0.03174600005149841,-0.015873000025749207,-0.2082599401473999,0.21334290504455566
2411.jpg,5,0,0.5767460465431213,-0.7743359804153442,0.48988598585128784,-0.021792352199554443,0.3274073898792267
3562.jpg,6,5,0.5261378884315491,-0.46457600593566895,0.6629890203475952,-0.3338509202003479,0.26699531078338623
1745.jpg,3,3,0.7580826878547668,0.13397599756717682,0.8000310063362122,0.04686681926250458,0.5169060826301575
1168.jpg,5,5,0.5299932360649109,-0.7532659769058228,0.5004209876060486,-0.43102526664733887,0.3887082040309906
5171.jpg,7,2,0.37669241428375244,-0.591463029384613,0.6216650009155273,-0.43237578868865967,0.21046298742294312
5434.jpg,6,3,0.3271598815917969,-0.3253970146179199,0.4603169858455658,-0.2635343670845032,0.4493250250816345
3143.jpg,4,4,0.7563188672065735,-0.07259000092744827,0.6726670265197754,-0.23750397562980652,0.4473542273044586
3885.jpg,6,6,0.6045318245887756,-0.6200850009918213,0.6244059801101685,-0.2581638991832733,0.49408194422721863
3795.jpg,2,6,0.5204434990882874,-0.7203239798545837,-0.29330599308013916,-0.5184347629547119,0.28352659940719604
2561.jpg,2,0,0.5178284049034119,-0.5555559992790222,-0.2698409855365753,-0.10575836896896362,0.36415529251098633
3001.jpg,0,2,0.5571093559265137,-0.033875301480293274,-0.06291130185127258,-0.48412761092185974,0.13658398389816284
1028.jpg,3,4,0.5238871574401855,0.33643901348114014,0.8195310235023499,-0.2911204993724823,0.5442689061164856
837.jpg,5,2,0.3744334578514099,-0.7210609912872314,0.49845099449157715,-0.357484370470047,0.2154521346092224
1814.jpg,6,6,0.6260064244270325,-0.35714301466941833,0.5714290142059326,-0.299204021692276,0.4306364953517914
4928.jpg,7,7,0.5917512774467468,-0.3823069930076599,0.46457600593566895,-0.21994569897651672,0.35897696018218994
206.jpg,5,7,0.6591182947158813,-0.1596979945898056,0.37262898683547974,-0.29676422476768494,0.3464798927307129
2291.jpg,7,1,0.6240941286087036,-0.4065040051937103,0.46457600593566895,0.21473994851112366,0.3427370488643646
1184.jpg,3,3,0.5016445517539978,0.2806810140609741,0.5420050024986267,-0.03718143701553345,0.3565009534358978
1340.jpg,7,1,0.875630795955658,-0.30971699953079224,0.3484320044517517,0.22919777035713196,0.19902920722961426
3745.jpg,3,7,0.4331735670566559,0.3436940014362335,0.5678420066833496,-0.2888032793998718,0.4084111452102661
4112.jpg,5,5,0.2994181215763092,-0.857142984867096,0.42063501477241516,-0.22672736644744873,0.3574835956096649
4698.jpg,3,4,0.8035973906517029,0.007936510257422924,0.34920600056648254,-0.21088430285453796,0.5789148211479187
193.jpg,1,0,0.4243429899215698,0.825531005859375,-0.1661130040884018,-0.07913602143526077,0.2242329716682434
1888.jpg,1,6,0.17882901430130005,0.6904760003089905,-0.531745970249176,-0.13155750930309296,0.41818830370903015
686.jpg,1,1,0.5091209411621094,0.5555559992790222,0.007936510257422924,0.013177536427974701,0.31510308384895325
579.jpg,5,2,0.46877479553222656,-0.7122060060501099,0.35610300302505493,-0.3003491759300232,0.1097867414355278
3275.jpg,0,7,0.2073766589164734,0.0,-0.0038278999272733927,-0.31726405024528503,0.36256638169288635
2882.jpg,5,5,0.5220993757247925,-0.7301589846611023,0.41269800066947937,-0.4421217441558838,0.3049154579639435
4719.jpg,1,1,0.5143595337867737,0.6825399994850159,0.12698400020599365,-0.06319519877433777,0.2891714572906494
3954.jpg,4,3,0.7000844478607178,-0.19426199793815613,0.8617249727249146,-0.03485652804374695,0.4452725052833557
160.jpg,7,6,0.3622586727142334,-0.4496780037879944,0.46527299284935,-0.39279401302337646,0.3107576370239258
5489.jpg,0,3,0.5477515459060669,0.007936510257422924,0.007936510257422924,-0.17335548996925354,0.451163113117218
3741.jpg,5,5,0.7356472015380859,-0.8095239996910095,0.38095200061798096,-0.4601914882659912,0.3399224579334259
712.jpg,5,7,0.6986244916915894,-0.2936510145664215,0.619047999382019,-0.36597177386283875,0.4490087032318115
1361.jpg,3,4,0.6756635308265686,0.015873000025749207,0.5714290142059326,-0.16742733120918274,0.6837132573127747
3525.jpg,3,0,0.7663647532463074,0.1661130040884018,0.7273730039596558,-0.15725398063659668,0.2579124867916107
3530.jpg,6,6,0.3684260845184326,-0.5710409879684448,0.7258999943733215,-0.4956836998462677,0.572069525718689
3646.jpg,6,0,0.33880615234375,-0.33726000785827637,0.6015300154685974,-0.27198004722595215,0.061930008232593536
2185.jpg,2,0,0.5480402112007141,-0.19841299951076508,-0.30158698558807373,-0.18692034482955933,0.193706214427948
364.jpg,4,2,0.3232523202896118,-0.05607319995760918,0.9014840126037598,-0.25020885467529297,0.20294122397899628
953.jpg,1,2,0.3426922857761383,0.5214920043945312,0.1053519994020462,-0.37601765990257263,0.12988097965717316
1159.jpg,0,4,0.411334753036499,0.015873000025749207,0.0,-0.14651477336883545,0.39034518599510193
1839.jpg,3,3,0.575144350528717,0.06291130185127258,0.7210609912872314,-0.20099318027496338,0.38302314281463623
3438.jpg,2,5,0.3213052451610565,-0.5175979733467102,-0.14234000444412231,-0.30856215953826904,0.4279128611087799
3353.jpg,6,3,0.575732409954071,-0.7954069972038269,0.46881601214408875,-0.1125263124704361,0.5310385823249817
3311.jpg,5,4,0.6669287085533142,-0.8318210244178772,0.3867430090904236,-0.16971641778945923,0.6723666191101074
5143.jpg,5,4,0.3380289673805237,-0.6678280234336853,0.44037899374961853,-0.2918725311756134,0.3309393525123596
4438.jpg,3,3,0.43378135561943054,0.19841299951076508,0.8333330154418945,0.01830131560564041,0.3110157549381256
4245.jpg,2,2,0.7532268762588501,-0.5052819848060608,-0.287092000246048,-0.5589624643325806,0.14763310551643372
3714.jpg,3,0,0.34718674421310425,0.1337130069732666,0.5995510220527649,-0.19165441393852234,0.39304670691490173
2679.jpg,6,7,0.415695458650589,-0.3242349922657013,0.6097559928894043,-0.3713870346546173,0.2716419994831085
1412.jpg,2,2,0.8790557384490967,-0.9523810148239136,-0.19841299951076508,-0.5022019147872925,-0.03909581899642944
2425.jpg,4,4,0.8447169065475464,-0.18436600267887115,0.7374629974365234,-0.2018066644668579,0.5929216742515564
1485.jpg,6,7,0.3597465455532074,-0.2936510145664215,0.5634920001029968,-0.4388362765312195,0.40642526745796204
4948.jpg,3,7,0.37790024280548096,0.32907500863075256,0.7258999943733215,-0.25369182229042053,0.4437462091445923
781.jpg,7,7,0.801769495010376,-0.6242740154266357,0.6775069832801819,-0.37275123596191406,0.29148876667022705
1505.jpg,0,2,0.2699713706970215,0.015873000025749207,0.03174600005149841,-0.18677237629890442,0.1800672858953476
4470.jpg,7,7,0.5041357278823853,-0.3532710075378418,0.43070098757743835,-0.21668735146522522,0.3340384066104889
4754.jpg,1,1,0.766900897026062,0.546845018863678,0.033875301480293274,0.18798553943634033,0.250905841588974
2113.jpg,1,7,0.5155174136161804,0.880952000617981,0.12698400020599365,-0.16569289565086365,0.3946808874607086
8.jpg,6,0,0.39497196674346924,-0.3095239996910095,0.2857140004634857,-0.20077389478683472,0.30793648958206177
396.jpg,7,7,0.35805681347846985,-0.5340449810028076,0.5933840274810791,-0.3625049889087677,0.24736422300338745
5139.jpg,4,4,0.8149564862251282,-0.04761900007724762,0.8492059707641602,-0.16362333297729492,0.6738887429237366
3850.jpg,4,2,0.37605851888656616,-0.07742930203676224,0.7162209749221802,-0.3483491837978363,0.33373111486434937
5277.jpg,2,6,0.5147107243537903,-0.6666669845581055,-0.2380950003862381,-0.32828980684280396,0.35389530658721924
4168.jpg,7,7,0.758703351020813,0.08710800111293793,0.6145949959754944,-0.2903269827365875,0.5037180185317993
4066.jpg,2,6,0.5971829295158386,-0.531745970249176,-0.2460319995880127,-0.39088568091392517,0.4265054166316986
3542.jpg,4,4,0.781963050365448,-0.13492099940776825,0.6984130144119263,-0.07774990797042847,0.5306423902511597
49.jpg,2,2,0.6266751885414124,-0.5565230250358582,-0.3484320044517517,-0.3569708466529846,-0.022471867501735687
2884.jpg,6,6,0.6299654841423035,-0.42063501477241516,0.8333330154418945,-0.4673493504524231,0.5761447548866272
2144.jpg,4,4,0.6126171946525574,-0.11111100018024445,0.7301589846611023,-0.13616478443145752,0.5218139886856079
5388.jpg,0,2,0.39098185300827026,-0.00432115001603961,-0.00432115001603961,-0.4348186254501343,0.15691038966178894
2310.jpg,6,0,0.42576462030410767,-0.24154600501060486,0.5262249708175659,-0.35144853591918945,0.1301516890525818
4013.jpg,0,7,0.45802241563796997,0.004839329980313778,0.014518000185489655,-0.2961900234222412,0.17407163977622986
2231.jpg,5,6,0.845802903175354,-0.7307389974594116,0.43553999066352844,-0.3569793999195099,0.4384528398513794
302.jpg,7,0,0.2538096606731415,-0.3051539957523346,0.5010550022125244,-0.24866420030593872,0.14399531483650208
1700.jpg,1,7,0.26057931780815125,0.6507940292358398,0.03174600005149841,0.008678123354911804,0.2525598108768463
2194.jpg,7,0,0.3222745358943939,-0.6533100008964539,0.6484709978103638,-0.31098484992980957,0.30741608142852783
925.jpg,3,3,0.5736489295959473,0.2857140004634857,0.8888890147209167,0.04438497871160507,0.6868667006492615
1387.jpg,4,4,0.7937082648277283,-0.15988199412822723,0.7237920165061951,-0.14190006256103516,0.5605216026306152
1458.jpg,0,0,0.7355956435203552,0.00862663984298706,0.00862663984298706,-0.20961445569992065,0.2520202696323395
4662.jpg,7,0,0.6842713952064514,0.2222220003604889,0.4444440007209778,-0.05985106900334358,0.2023533582687378
3773.jpg,3,3,0.3046477138996124,-0.033875301480293274,0.8130080103874207,-0.25972872972488403,0.4842958450317383
1113.jpg,6,6,0.6647204756736755,-0.2460319995880127,0.42063501477241516,-0.28264981508255005,0.43202611804008484
557.jpg,1,7,0.276079386472702,0.7452570199966431,-0.17905500531196594,-0.39069610834121704,0.4196263551712036
4196.jpg,3,3,0.6686019897460938,0.23291899263858795,0.6254310011863708,0.016135893762111664,0.5126933455467224
3194.jpg,6,6,0.8058158755302429,-0.40166500210762024,0.764614999294281,-0.3127841651439667,0.506579577922821
4252.jpg,1,1,0.841614842414856,0.7549359798431396,0.05323269963264465,0.300260454416275,0.22212183475494385
5378.jpg,3,5,0.3500431776046753,0.3436940014362335,0.6325960159301758,-0.38415420055389404,0.3931786119937897
299.jpg,4,5,0.30815908312797546,-0.08710800111293793,0.8807590007781982,-0.36960747838020325,0.4451964795589447
4979.jpg,5,2,0.548485517501831,-0.8015869855880737,0.40476199984550476,-0.35383662581443787,0.12986718118190765
960.jpg,3,3,0.885979413986206,0.09489300101995468,0.3623189926147461,0.06075745075941086,0.5271744728088379
4387.jpg,5,7,0.28830161690711975,-0.6629890203475952,0.32907500863075256,-0.39189836382865906,0.31856393814086914
1730.jpg,3,4,0.4255406856536865,0.13550099730491638,0.49361199140548706,-0.2911970019340515,0.4378538727760315
2564.jpg,1,6,0.2726740539073944,0.531745970249176,-0.07936509698629379,-0.08414006233215332,0.4272262156009674
4684.jpg,2,2,0.5412217378616333,-0.619047999382019,-0.36507898569107056,-0.3719562292098999,0.15375059843063354
643.jpg,1,1,0.9140426516532898,0.6283069849014282,0.07275129854679108,0.362358033657074,0.19155944883823395
135.jpg,0,0,0.7725109457969666,0.13168999552726746,-0.2159709930419922,-0.15678581595420837,0.23991605639457703
5066.jpg,2,2,0.4682561159133911,-0.4920629858970642,-0.2698409855365753,-0.3152107298374176,0.13800443708896637
2361.jpg,0,0,0.5033178925514221,-0.014518000185489655,0.009678670205175877,-0.23285096883773804,0.27023768424987793
225.jpg,2,4,0.4920716881752014,-0.8015869855880737,-0.4603169858455658,-0.30095115303993225,0.34288862347602844
592.jpg,6,2,0.17450954020023346,-0.39682498574256897,0.7539680004119873,-0.2393716275691986,0.36914849281311035
3195.jpg,2,2,0.8126887083053589,-0.912697970867157,-0.16666699945926666,-0.5355132818222046,0.04379658028483391
1115.jpg,4,3,0.3046988844871521,-0.15079399943351746,0.8492059707641602,-0.19806107878684998,0.43640434741973877
2118.jpg,5,6,0.6907091736793518,-0.4020810127258301,0.7805110216140747,-0.4540240168571472,0.40263399481773376
3673.jpg,5,5,0.8111540675163269,-0.8033289909362793,0.4548969864845276,-0.48488450050354004,0.3562873601913452
2768.jpg,6,3,0.8617555499076843,-0.44403600692749023,0.7349560260772705,-0.13682213425636292,0.8249800801277161
460.jpg,1,1,0.8548905849456787,0.7698410153388977,0.39682498574256897,0.35540667176246643,0.20328068733215332
4569.jpg,5,3,0.44878607988357544,-0.6894950270652771,0.6378470063209534,-0.23670899868011475,0.5503396391868591
4660.jpg,2,2,0.6250944137573242,-0.9388309717178345,-0.1887339949607849,-0.293606698513031,0.06168476492166519
1214.jpg,2,0,0.3843494653701782,-0.4523810148239136,-0.2380950003862381,-0.3302307724952698,0.05756107717752457
4552.jpg,6,6,0.7815136909484863,-0.41269800066947937,0.642857015132904,-0.4067363142967224,0.5265902280807495
3429.jpg,6,0,0.4070979654788971,-0.33875301480293274,0.6145949959754944,-0.2331027388572693,0.3103618919849396
189.jpg,0,2,0.5561008453369141,0.00431331992149353,0.00431331992149353,-0.40343019366264343,0.20712578296661377
5312.jpg,2,2,0.6319030523300171,-0.43553999066352844,-0.09678670018911362,-0.40519025921821594,0.05697479099035263
2978.jpg,3,4,0.8170390725135803,-0.08428149670362473,0.8902230262756348,-0.21351775527000427,0.5318863987922668
3663.jpg,0,0,0.36192938685417175,0.421407014131546,-0.22650699317455292,-0.14717596769332886,0.23595967888832092
2589.jpg,1,7,0.6910578608512878,0.36507898569107056,-0.05555560067296028,-0.28216516971588135,0.3604944348335266
2791.jpg,4,4,0.47946420311927795,-0.01935729943215847,0.958187997341156,-0.2730964422225952,0.4083268940448761
4386.jpg,4,4,0.5284309387207031,-0.1645369976758957,0.7888110280036926,-0.21603786945343018,0.347412645816803
3071.jpg,0,7,0.4802207946777344,0.0873015969991684,-0.04761900007724762,-0.3199646770954132,0.3491435945034027
3697.jpg,1,1,0.7866513729095459,0.9060850143432617,0.059523798525333405,0.19291797280311584,0.1736789345741272
1462.jpg,0,7,0.21231336891651154,0.30487799644470215,0.14034099876880646,-0.2616269588470459,0.3411840498447418
1377.jpg,5,5,0.41836804151535034,-0.7936509847640991,0.4285709857940674,-0.43659070134162903,0.5084076523780823
5474.jpg,5,3,0.483021080493927,-0.6507940292358398,0.7301589846611023,-0.16202034056186676,0.34758228063583374
523.jpg,1,1,0.48802852630615234,0.7839720249176025,0.08226870000362396,0.022394642233848572,0.15408110618591309
621.jpg,7,2,0.24610555171966553,-0.6984130144119263,0.6349210143089294,-0.24033886194229126,0.36142781376838684
935.jpg,3,4,0.772678792476654,0.1337130069732666,0.5909249782562256,-0.21698930859565735,0.44674354791641235
167.jpg,2,5,0.29425567388534546,-0.36294999718666077,-0.20809100568294525,-0.4197528064250946,0.3156959116458893
105.jpg,2,4,0.28255990147590637,-0.9441710114479065,-0.28087499737739563,-0.2442210614681244,0.2509513199329376
4110.jpg,2,0,0.5195014476776123,-0.7017030119895935,-0.43553999066352844,-0.316592812538147,0.060008689761161804
4010.jpg,7,7,0.841270387172699,-0.5429369807243347,0.6624829769134521,-0.35994669795036316,0.4424910545349121
1536.jpg,2,6,0.6350694298744202,-0.7113819718360901,-0.40166500210762024,-0.40153005719184875,0.26860228180885315
3637.jpg,0,2,0.37994834780693054,0.007936510257422924,0.02380950003862381,-0.36885058879852295,0.17845764756202698
3607.jpg,6,2,0.607819139957428,-0.4732019901275635,0.8019530177116394,-0.407323956489563,0.17210319638252258
3368.jpg,5,6,0.5245658159255981,-0.6341789960861206,0.43762099742889404,-0.5236726999282837,0.3550170958042145
478.jpg,1,3,0.8211957812309265,0.40476199984550476,0.19841299951076508,0.05744367092847824,0.545506477355957
1147.jpg,1,1,0.7537394165992737,0.5109570026397705,0.08954910188913345,0.2862265110015869,0.22446954250335693
3932.jpg,2,3,0.43329355120658875,-0.4920629858970642,-0.20634900033473969,-0.0588478147983551,0.4870663583278656
4352.jpg,1,1,0.7421303391456604,0.9523810148239136,0.14285700023174286,0.03509698063135147,0.10993927717208862
3733.jpg,1,1,0.7566183805465698,0.8344460129737854,0.32265201210975647,0.21619898080825806,0.2885463535785675
3189.jpg,1,1,0.7529729008674622,0.8002640008926392,0.09920629858970642,0.19918286800384521,0.275139719247818
2757.jpg,1,1,0.7383624911308289,0.968254029750824,0.16666699945926666,0.25455254316329956,0.24590221047401428
